time_h,CSC_count,PC_count,mean_nutrient
0.000000000000000000e+00,1.000000000000000000e+00,1.000000000000000000e+00,1.000000000000000000e+00
1.000000000000000000e+00,1.000000000000000000e+00,1.000000000000000000e+00,9.909377680124135113e-01
2.000000000000000000e+00,1.000000000000000000e+00,1.000000000000000000e+00,9.823052965976033502e-01
3.000000000000000000e+00,1.000000000000000000e+00,1.000000000000000000e+00,9.739951342793139455e-01
4.000000000000000000e+00,1.000000000000000000e+00,1.000000000000000000e+00,9.659570994298196656e-01
5.000000000000000000e+00,1.000000000000000000e+00,1.000000000000000000e+00,9.581601496786384953e-01
6.000000000000000000e+00,1.000000000000000000e+00,1.000000000000000000e+00,9.505823364708401169e-01
7.000000000000000000e+00,1.000000000000000000e+00,1.000000000000000000e+00,9.432069076133822172e-01
8.000000000000000000e+00,1.000000000000000000e+00,1.000000000000000000e+00,9.360204275207789637e-01
9.000000000000000000e+00,1.000000000000000000e+00,1.000000000000000000e+00,9.290117401485872284e-01
1.000000000000000000e+01,1.000000000000000000e+00,1.000000000000000000e+00,9.221713419806367718e-01
1.100000000000000000e+01,1.000000000000000000e+00,1.000000000000000000e+00,9.154909767718115710e-01
1.200000000000000000e+01,1.000000000000000000e+00,1.000000000000000000e+00,9.089633599026114563e-01
1.300000000000000000e+01,1.000000000000000000e+00,1.000000000000000000e+00,9.025819831548769212e-01
1.400000000000000000e+01,1.000000000000000000e+00,1.000000000000000000e+00,8.963409718276742488e-01
1.500000000000000000e+01,1.000000000000000000e+00,1.000000000000000000e+00,8.902349772821795959e-01
1.600000000000000000e+01,1.000000000000000000e+00,1.000000000000000000e+00,8.842590942688128841e-01
1.700000000000000000e+01,1.000000000000000000e+00,1.000000000000000000e+00,8.784087960806723494e-01
1.800000000000000000e+01,1.000000000000000000e+00,1.000000000000000000e+00,8.726798828380928352e-01
1.900000000000000000e+01,1.000000000000000000e+00,1.000000000000000000e+00,8.670684396368617541e-01
2.000000000000000000e+01,1.000000000000000000e+00,1.000000000000000000e+00,8.615708022466348481e-01
2.100000000000000000e+01,1.000000000000000000e+00,1.000000000000000000e+00,8.561835286724049920e-01
2.200000000000000000e+01,1.000000000000000000e+00,1.000000000000000000e+00,8.509033752505645865e-01
2.300000000000000000e+01,1.000000000000000000e+00,1.000000000000000000e+00,8.457272762888130568e-01
2.400000000000000000e+01,1.000000000000000000e+00,1.000000000000000000e+00,8.406523266320417020e-01
2.500000000000000000e+01,1.000000000000000000e+00,3.000000000000000000e+00,8.356757667272243228e-01
2.600000000000000000e+01,1.000000000000000000e+00,3.000000000000000000e+00,8.307839140052138971e-01
2.700000000000000000e+01,1.000000000000000000e+00,3.000000000000000000e+00,8.259854288843309078e-01
2.800000000000000000e+01,1.000000000000000000e+00,3.000000000000000000e+00,8.212779165629728872e-01
2.900000000000000000e+01,1.000000000000000000e+00,3.000000000000000000e+00,8.166590851461901224e-01
3.000000000000000000e+01,1.000000000000000000e+00,3.000000000000000000e+00,8.121267380033688754e-01
3.100000000000000000e+01,1.000000000000000000e+00,3.000000000000000000e+00,8.076787670875061886e-01
3.200000000000000000e+01,1.000000000000000000e+00,3.000000000000000000e+00,8.033131469951411141e-01
3.300000000000000000e+01,1.000000000000000000e+00,3.000000000000000000e+00,7.990279296567078804e-01
3.400000000000000000e+01,1.000000000000000000e+00,3.000000000000000000e+00,7.948212397278301422e-01
3.500000000000000000e+01,1.000000000000000000e+00,3.000000000000000000e+00,7.906912706666407997e-01
3.600000000000000000e+01,1.000000000000000000e+00,3.000000000000000000e+00,7.866362817590445422e-01
3.700000000000000000e+01,1.000000000000000000e+00,3.000000000000000000e+00,7.826545945765835954e-01
3.800000000000000000e+01,1.000000000000000000e+00,3.000000000000000000e+00,7.787445869482122474e-01
3.900000000000000000e+01,1.000000000000000000e+00,3.000000000000000000e+00,7.749046875610025031e-01
4.000000000000000000e+01,1.000000000000000000e+00,3.000000000000000000e+00,7.711333724638560483e-01
4.100000000000000000e+01,1.000000000000000000e+00,3.000000000000000000e+00,7.674291627659075576e-01
4.200000000000000000e+01,1.000000000000000000e+00,3.000000000000000000e+00,7.637906230160822485e-01
4.300000000000000000e+01,1.000000000000000000e+00,3.000000000000000000e+00,7.602163596859653483e-01
4.400000000000000000e+01,1.000000000000000000e+00,3.000000000000000000e+00,7.567050197358470287e-01
4.500000000000000000e+01,1.000000000000000000e+00,3.000000000000000000e+00,7.532552893907470404e-01
4.600000000000000000e+01,1.000000000000000000e+00,4.000000000000000000e+00,7.498658929057008260e-01
4.700000000000000000e+01,1.000000000000000000e+00,4.000000000000000000e+00,7.465300632244266099e-01
4.800000000000000000e+01,1.000000000000000000e+00,5.000000000000000000e+00,7.432521790678171536e-01
4.900000000000000000e+01,1.000000000000000000e+00,5.000000000000000000e+00,7.400255415932903702e-01
5.000000000000000000e+01,1.000000000000000000e+00,6.000000000000000000e+00,7.368545953428048412e-01
5.100000000000000000e+01,1.000000000000000000e+00,7.000000000000000000e+00,7.337327049451402017e-01
5.200000000000000000e+01,1.000000000000000000e+00,7.000000000000000000e+00,7.306588477183936226e-01
5.300000000000000000e+01,1.000000000000000000e+00,7.000000000000000000e+00,7.276375566700362674e-01
5.400000000000000000e+01,1.000000000000000000e+00,7.000000000000000000e+00,7.246678085394233637e-01
5.500000000000000000e+01,1.000000000000000000e+00,7.000000000000000000e+00,7.217486061855636903e-01
5.600000000000000000e+01,1.000000000000000000e+00,7.000000000000000000e+00,7.188789776653382591e-01
5.700000000000000000e+01,1.000000000000000000e+00,7.000000000000000000e+00,7.160579753359128663e-01
5.800000000000000000e+01,1.000000000000000000e+00,7.000000000000000000e+00,7.132846749491837945e-01
5.900000000000000000e+01,1.000000000000000000e+00,7.000000000000000000e+00,7.105581746935675236e-01
6.000000000000000000e+01,1.000000000000000000e+00,7.000000000000000000e+00,7.078775943578055063e-01
6.100000000000000000e+01,1.000000000000000000e+00,7.000000000000000000e+00,7.052420749274533884e-01
6.200000000000000000e+01,1.000000000000000000e+00,7.000000000000000000e+00,7.026507783987456790e-01
6.300000000000000000e+01,1.000000000000000000e+00,7.000000000000000000e+00,7.001028871194878711e-01
6.400000000000000000e+01,1.000000000000000000e+00,7.000000000000000000e+00,6.975976025629163635e-01
6.500000000000000000e+01,1.000000000000000000e+00,7.000000000000000000e+00,6.951341441788234654e-01
6.600000000000000000e+01,1.000000000000000000e+00,7.000000000000000000e+00,6.927117485226828020e-01
6.700000000000000000e+01,1.000000000000000000e+00,7.000000000000000000e+00,6.903296684575492836e-01
6.800000000000000000e+01,1.000000000000000000e+00,7.000000000000000000e+00,6.879871726060279302e-01
6.900000000000000000e+01,1.000000000000000000e+00,7.000000000000000000e+00,6.856835453012647408e-01
7.000000000000000000e+01,1.000000000000000000e+00,7.000000000000000000e+00,6.834180874778712500e-01
7.100000000000000000e+01,1.000000000000000000e+00,7.000000000000000000e+00,6.811901170016806395e-01
7.200000000000000000e+01,1.000000000000000000e+00,7.000000000000000000e+00,6.789989663687022725e-01
7.300000000000000000e+01,1.000000000000000000e+00,7.000000000000000000e+00,6.768439816786918639e-01
7.400000000000000000e+01,1.000000000000000000e+00,7.000000000000000000e+00,6.747245253360800721e-01
7.500000000000000000e+01,1.000000000000000000e+00,7.000000000000000000e+00,6.726399752121965392e-01
7.600000000000000000e+01,1.000000000000000000e+00,8.000000000000000000e+00,6.705897217199040528e-01
7.700000000000000000e+01,1.000000000000000000e+00,8.000000000000000000e+00,6.685676387548178390e-01
7.800000000000000000e+01,2.000000000000000000e+00,8.000000000000000000e+00,6.665787191751875174e-01
7.900000000000000000e+01,2.000000000000000000e+00,8.000000000000000000e+00,6.646168518603342568e-01
8.000000000000000000e+01,2.000000000000000000e+00,8.000000000000000000e+00,6.626870439935061974e-01
8.100000000000000000e+01,2.000000000000000000e+00,8.000000000000000000e+00,6.607887281217548203e-01
8.200000000000000000e+01,2.000000000000000000e+00,8.000000000000000000e+00,6.589213470648833670e-01
8.300000000000000000e+01,2.000000000000000000e+00,8.000000000000000000e+00,6.570843542320062847e-01
8.400000000000000000e+01,2.000000000000000000e+00,8.000000000000000000e+00,6.552772132580720887e-01
8.500000000000000000e+01,2.000000000000000000e+00,8.000000000000000000e+00,6.534993979359290384e-01
8.600000000000000000e+01,2.000000000000000000e+00,8.000000000000000000e+00,6.517503925089952466e-01
8.700000000000000000e+01,2.000000000000000000e+00,8.000000000000000000e+00,6.500296920812606016e-01
8.800000000000000000e+01,2.000000000000000000e+00,8.000000000000000000e+00,6.483368032514216228e-01
8.900000000000000000e+01,2.000000000000000000e+00,8.000000000000000000e+00,6.466712447438410782e-01
9.000000000000000000e+01,2.000000000000000000e+00,8.000000000000000000e+00,6.450325473917871699e-01
9.100000000000000000e+01,2.000000000000000000e+00,8.000000000000000000e+00,6.434202534986379618e-01
9.200000000000000000e+01,2.000000000000000000e+00,8.000000000000000000e+00,6.418339164316514411e-01
9.300000000000000000e+01,2.000000000000000000e+00,8.000000000000000000e+00,6.402731012822715506e-01
9.400000000000000000e+01,2.000000000000000000e+00,8.000000000000000000e+00,6.387373852260144202e-01
9.500000000000000000e+01,2.000000000000000000e+00,8.000000000000000000e+00,6.372263553717544271e-01
9.600000000000000000e+01,2.000000000000000000e+00,8.000000000000000000e+00,6.357396056719541999e-01
9.700000000000000000e+01,2.000000000000000000e+00,8.000000000000000000e+00,6.342767365479111685e-01
9.800000000000000000e+01,2.000000000000000000e+00,8.000000000000000000e+00,6.328373576452799298e-01
9.900000000000000000e+01,2.000000000000000000e+00,8.000000000000000000e+00,6.314210883253139617e-01
1.000000000000000000e+02,2.000000000000000000e+00,8.000000000000000000e+00,6.300275597641815661e-01
1.010000000000000000e+02,2.000000000000000000e+00,8.000000000000000000e+00,6.286564230107315465e-01
1.020000000000000000e+02,2.000000000000000000e+00,8.000000000000000000e+00,6.273073438432652527e-01
1.030000000000000000e+02,3.000000000000000000e+00,8.000000000000000000e+00,6.259799928571028182e-01
1.040000000000000000e+02,4.000000000000000000e+00,8.000000000000000000e+00,6.246685184461694407e-01
1.050000000000000000e+02,4.000000000000000000e+00,8.000000000000000000e+00,6.233726781135177086e-01
1.060000000000000000e+02,4.000000000000000000e+00,8.000000000000000000e+00,6.220978229742857302e-01
1.070000000000000000e+02,4.000000000000000000e+00,8.000000000000000000e+00,6.208435673384548048e-01
1.080000000000000000e+02,4.000000000000000000e+00,8.000000000000000000e+00,6.196096190201326737e-01
1.090000000000000000e+02,4.000000000000000000e+00,8.000000000000000000e+00,6.183961769585640811e-01
1.100000000000000000e+02,4.000000000000000000e+00,8.000000000000000000e+00,6.172027058500321184e-01
1.110000000000000000e+02,4.000000000000000000e+00,8.000000000000000000e+00,6.160280758086211783e-01
1.120000000000000000e+02,4.000000000000000000e+00,8.000000000000000000e+00,6.148720360782324867e-01
1.130000000000000000e+02,4.000000000000000000e+00,8.000000000000000000e+00,6.137346385630078061e-01
1.140000000000000000e+02,4.000000000000000000e+00,8.000000000000000000e+00,6.126155525773981925e-01
1.150000000000000000e+02,4.000000000000000000e+00,8.000000000000000000e+00,6.115143002770754288e-01
1.160000000000000000e+02,4.000000000000000000e+00,8.000000000000000000e+00,6.104312212874624111e-01
1.170000000000000000e+02,4.000000000000000000e+00,8.000000000000000000e+00,6.093662762744924688e-01
1.180000000000000000e+02,4.000000000000000000e+00,8.000000000000000000e+00,6.083182651906907656e-01
1.190000000000000000e+02,4.000000000000000000e+00,8.000000000000000000e+00,6.072863951494164025e-01
1.200000000000000000e+02,4.000000000000000000e+00,8.000000000000000000e+00,6.062706034694346213e-01
1.210000000000000000e+02,4.000000000000000000e+00,8.000000000000000000e+00,6.052705215743648948e-01
1.220000000000000000e+02,4.000000000000000000e+00,8.000000000000000000e+00,6.042860638732923118e-01
1.230000000000000000e+02,4.000000000000000000e+00,8.000000000000000000e+00,6.033172846157489611e-01
1.240000000000000000e+02,4.000000000000000000e+00,8.000000000000000000e+00,6.023639212337171811e-01
1.250000000000000000e+02,4.000000000000000000e+00,8.000000000000000000e+00,6.014259656925217135e-01
1.260000000000000000e+02,4.000000000000000000e+00,1.000000000000000000e+01,6.005033963945904940e-01
1.270000000000000000e+02,4.000000000000000000e+00,1.000000000000000000e+01,5.995842353370627320e-01
1.280000000000000000e+02,4.000000000000000000e+00,1.100000000000000000e+01,5.986789580062128469e-01
1.290000000000000000e+02,4.000000000000000000e+00,1.200000000000000000e+01,5.977819054696710266e-01
1.300000000000000000e+02,4.000000000000000000e+00,1.200000000000000000e+01,5.968930094237735462e-01
1.310000000000000000e+02,4.000000000000000000e+00,1.200000000000000000e+01,5.960178264094585510e-01
1.320000000000000000e+02,4.000000000000000000e+00,1.200000000000000000e+01,5.951563038285404561e-01
1.330000000000000000e+02,4.000000000000000000e+00,1.200000000000000000e+01,5.943083485703277713e-01
1.340000000000000000e+02,4.000000000000000000e+00,1.200000000000000000e+01,5.934739030142631711e-01
1.350000000000000000e+02,4.000000000000000000e+00,1.200000000000000000e+01,5.926524697534713004e-01
1.360000000000000000e+02,4.000000000000000000e+00,1.200000000000000000e+01,5.918437033565847605e-01
1.370000000000000000e+02,4.000000000000000000e+00,1.200000000000000000e+01,5.910474149908890862e-01
1.380000000000000000e+02,4.000000000000000000e+00,1.200000000000000000e+01,5.902636262832791081e-01
1.390000000000000000e+02,4.000000000000000000e+00,1.200000000000000000e+01,5.894923832954502840e-01
1.400000000000000000e+02,4.000000000000000000e+00,1.200000000000000000e+01,5.887332842098519370e-01
1.410000000000000000e+02,4.000000000000000000e+00,1.200000000000000000e+01,5.879862791488834617e-01
1.420000000000000000e+02,4.000000000000000000e+00,1.200000000000000000e+01,5.872511405953781960e-01
1.430000000000000000e+02,4.000000000000000000e+00,1.200000000000000000e+01,5.865275194890073873e-01
1.440000000000000000e+02,4.000000000000000000e+00,1.200000000000000000e+01,5.858149553929250519e-01
1.450000000000000000e+02,4.000000000000000000e+00,1.200000000000000000e+01,5.851132192428727397e-01
1.460000000000000000e+02,4.000000000000000000e+00,1.200000000000000000e+01,5.844221966373833732e-01
1.470000000000000000e+02,4.000000000000000000e+00,1.300000000000000000e+01,5.837418169271465507e-01
1.480000000000000000e+02,4.000000000000000000e+00,1.300000000000000000e+01,5.830664454232860061e-01
1.490000000000000000e+02,4.000000000000000000e+00,1.300000000000000000e+01,5.824015452414406102e-01
1.500000000000000000e+02,4.000000000000000000e+00,1.500000000000000000e+01,5.817469885528286921e-01
1.510000000000000000e+02,4.000000000000000000e+00,1.600000000000000000e+01,5.810915659057183102e-01
1.520000000000000000e+02,4.000000000000000000e+00,1.700000000000000000e+01,5.804407599453977884e-01
1.530000000000000000e+02,4.000000000000000000e+00,1.800000000000000000e+01,5.797944401989192365e-01
1.540000000000000000e+02,4.000000000000000000e+00,1.800000000000000000e+01,5.791524886722848597e-01
1.550000000000000000e+02,5.000000000000000000e+00,1.800000000000000000e+01,5.785203221995718348e-01
1.560000000000000000e+02,5.000000000000000000e+00,1.800000000000000000e+01,5.778922663651678837e-01
1.570000000000000000e+02,6.000000000000000000e+00,1.800000000000000000e+01,5.772737906933421703e-01
1.580000000000000000e+02,6.000000000000000000e+00,1.800000000000000000e+01,5.766593181396852952e-01
1.590000000000000000e+02,6.000000000000000000e+00,1.800000000000000000e+01,5.760545171609701143e-01
1.600000000000000000e+02,6.000000000000000000e+00,1.800000000000000000e+01,5.754594319027179772e-01
1.610000000000000000e+02,6.000000000000000000e+00,1.800000000000000000e+01,5.748740445444859848e-01
1.620000000000000000e+02,6.000000000000000000e+00,1.800000000000000000e+01,5.742979966206418485e-01
1.630000000000000000e+02,6.000000000000000000e+00,1.800000000000000000e+01,5.737311599887243707e-01
1.640000000000000000e+02,6.000000000000000000e+00,1.800000000000000000e+01,5.731734224582084591e-01
1.650000000000000000e+02,6.000000000000000000e+00,1.800000000000000000e+01,5.726242594267924035e-01
1.660000000000000000e+02,6.000000000000000000e+00,1.800000000000000000e+01,5.720834966433441249e-01
1.670000000000000000e+02,6.000000000000000000e+00,1.800000000000000000e+01,5.715512369529437420e-01
1.680000000000000000e+02,6.000000000000000000e+00,1.800000000000000000e+01,5.710272891028975728e-01
1.690000000000000000e+02,6.000000000000000000e+00,1.800000000000000000e+01,5.705112442192099564e-01
1.700000000000000000e+02,6.000000000000000000e+00,1.800000000000000000e+01,5.700028877308299657e-01
1.710000000000000000e+02,6.000000000000000000e+00,1.800000000000000000e+01,5.695022098875420768e-01
1.720000000000000000e+02,6.000000000000000000e+00,1.800000000000000000e+01,5.690091953500899802e-01
1.730000000000000000e+02,6.000000000000000000e+00,1.800000000000000000e+01,5.685236735580353473e-01
1.740000000000000000e+02,6.000000000000000000e+00,1.900000000000000000e+01,5.680455629817497964e-01
1.750000000000000000e+02,7.000000000000000000e+00,2.000000000000000000e+01,5.675692088223640575e-01
1.760000000000000000e+02,7.000000000000000000e+00,2.100000000000000000e+01,5.670889673334468251e-01
1.770000000000000000e+02,7.000000000000000000e+00,2.100000000000000000e+01,5.666103576614369697e-01
1.780000000000000000e+02,7.000000000000000000e+00,2.200000000000000000e+01,5.661389139937654802e-01
1.790000000000000000e+02,7.000000000000000000e+00,2.200000000000000000e+01,5.656690766614399513e-01
1.800000000000000000e+02,7.000000000000000000e+00,2.200000000000000000e+01,5.652063602464166836e-01
1.810000000000000000e+02,7.000000000000000000e+00,2.300000000000000000e+01,5.647507008406655871e-01
1.820000000000000000e+02,7.000000000000000000e+00,2.400000000000000000e+01,5.642964953980966758e-01
1.830000000000000000e+02,7.000000000000000000e+00,2.400000000000000000e+01,5.638436700419002801e-01
1.840000000000000000e+02,7.000000000000000000e+00,2.500000000000000000e+01,5.633976568049238187e-01
1.850000000000000000e+02,7.000000000000000000e+00,2.500000000000000000e+01,5.629527886647986978e-01
1.860000000000000000e+02,7.000000000000000000e+00,2.500000000000000000e+01,5.625145254088417257e-01
1.870000000000000000e+02,7.000000000000000000e+00,2.500000000000000000e+01,5.620827598802757841e-01
1.880000000000000000e+02,7.000000000000000000e+00,2.500000000000000000e+01,5.616574003401988424e-01
1.890000000000000000e+02,7.000000000000000000e+00,2.500000000000000000e+01,5.612383648817096393e-01
1.900000000000000000e+02,7.000000000000000000e+00,2.500000000000000000e+01,5.608255833974135074e-01
1.910000000000000000e+02,7.000000000000000000e+00,2.500000000000000000e+01,5.604189898848139784e-01
1.920000000000000000e+02,7.000000000000000000e+00,2.500000000000000000e+01,5.600185065033163045e-01
1.930000000000000000e+02,7.000000000000000000e+00,2.500000000000000000e+01,5.596240461433396041e-01
1.940000000000000000e+02,7.000000000000000000e+00,2.500000000000000000e+01,5.592355383176805805e-01
1.950000000000000000e+02,7.000000000000000000e+00,2.500000000000000000e+01,5.588529517254111623e-01
1.960000000000000000e+02,7.000000000000000000e+00,2.500000000000000000e+01,5.584762642503189323e-01
1.970000000000000000e+02,7.000000000000000000e+00,2.600000000000000000e+01,5.581054323987476584e-01
1.980000000000000000e+02,7.000000000000000000e+00,2.600000000000000000e+01,5.577348645765769497e-01
1.990000000000000000e+02,8.000000000000000000e+00,2.700000000000000000e+01,5.573700844506558338e-01
2.000000000000000000e+02,8.000000000000000000e+00,2.800000000000000000e+01,5.570000215962316314e-01
2.010000000000000000e+02,9.000000000000000000e+00,2.800000000000000000e+01,5.566303453892424979e-01
2.020000000000000000e+02,9.000000000000000000e+00,2.900000000000000000e+01,5.562611392435974356e-01
2.030000000000000000e+02,9.000000000000000000e+00,3.000000000000000000e+01,5.558923970825142558e-01
2.040000000000000000e+02,9.000000000000000000e+00,3.000000000000000000e+01,5.555240454443158837e-01
2.050000000000000000e+02,9.000000000000000000e+00,3.000000000000000000e+01,5.551615468467022696e-01
2.060000000000000000e+02,1.000000000000000000e+01,3.300000000000000000e+01,5.548047680783725344e-01
2.070000000000000000e+02,1.000000000000000000e+01,3.400000000000000000e+01,5.544314714206346473e-01
2.080000000000000000e+02,1.000000000000000000e+01,3.400000000000000000e+01,5.540584739131821923e-01
2.090000000000000000e+02,1.000000000000000000e+01,3.400000000000000000e+01,5.536917965134604547e-01
2.100000000000000000e+02,1.000000000000000000e+01,3.400000000000000000e+01,5.533314639835316129e-01
2.110000000000000000e+02,1.000000000000000000e+01,3.400000000000000000e+01,5.529769200774995452e-01
2.120000000000000000e+02,1.000000000000000000e+01,3.400000000000000000e+01,5.526292375197575657e-01
2.130000000000000000e+02,1.000000000000000000e+01,3.400000000000000000e+01,5.522861529645836098e-01
2.140000000000000000e+02,1.000000000000000000e+01,3.400000000000000000e+01,5.519474587839301449e-01
2.150000000000000000e+02,1.000000000000000000e+01,3.400000000000000000e+01,5.516137403428290620e-01
2.160000000000000000e+02,1.000000000000000000e+01,3.400000000000000000e+01,5.512855877157407658e-01
2.170000000000000000e+02,1.000000000000000000e+01,3.400000000000000000e+01,5.509644257498810260e-01
2.180000000000000000e+02,1.000000000000000000e+01,3.400000000000000000e+01,5.506481569259108477e-01
2.190000000000000000e+02,1.000000000000000000e+01,3.500000000000000000e+01,5.503373795700792215e-01
2.200000000000000000e+02,1.000000000000000000e+01,3.500000000000000000e+01,5.500249614838349510e-01
2.210000000000000000e+02,1.000000000000000000e+01,3.500000000000000000e+01,5.497185517218187156e-01
2.220000000000000000e+02,1.000000000000000000e+01,3.500000000000000000e+01,5.494175728882622067e-01
2.230000000000000000e+02,1.000000000000000000e+01,3.600000000000000000e+01,5.491213031014114954e-01
2.240000000000000000e+02,1.000000000000000000e+01,3.800000000000000000e+01,5.488229890012866763e-01
2.250000000000000000e+02,1.000000000000000000e+01,3.800000000000000000e+01,5.485197163160658862e-01
2.260000000000000000e+02,9.000000000000000000e+00,4.100000000000000000e+01,5.482226225741189118e-01
2.270000000000000000e+02,9.000000000000000000e+00,4.300000000000000000e+01,5.479234822173544295e-01
2.280000000000000000e+02,9.000000000000000000e+00,4.300000000000000000e+01,5.476126705358352886e-01
2.290000000000000000e+02,9.000000000000000000e+00,4.300000000000000000e+01,5.473077101481849116e-01
2.300000000000000000e+02,9.000000000000000000e+00,4.300000000000000000e+01,5.470090443428945459e-01
2.310000000000000000e+02,9.000000000000000000e+00,4.500000000000000000e+01,5.467193786250723608e-01
2.320000000000000000e+02,9.000000000000000000e+00,4.800000000000000000e+01,5.464213713003551742e-01
2.330000000000000000e+02,9.000000000000000000e+00,4.900000000000000000e+01,5.461121135414662708e-01
2.340000000000000000e+02,9.000000000000000000e+00,4.900000000000000000e+01,5.458003390329148052e-01
2.350000000000000000e+02,9.000000000000000000e+00,4.900000000000000000e+01,5.454920434440510002e-01
2.360000000000000000e+02,9.000000000000000000e+00,4.900000000000000000e+01,5.451898024432504375e-01
2.370000000000000000e+02,9.000000000000000000e+00,4.900000000000000000e+01,5.448995618865717372e-01
2.380000000000000000e+02,9.000000000000000000e+00,4.900000000000000000e+01,5.446121472622867943e-01
2.390000000000000000e+02,9.000000000000000000e+00,5.000000000000000000e+01,5.443293118468779390e-01
2.400000000000000000e+02,9.000000000000000000e+00,5.000000000000000000e+01,5.440451450944265854e-01
2.410000000000000000e+02,9.000000000000000000e+00,5.000000000000000000e+01,5.437586831260462494e-01
2.420000000000000000e+02,9.000000000000000000e+00,5.000000000000000000e+01,5.434761176218915191e-01
2.430000000000000000e+02,9.000000000000000000e+00,5.000000000000000000e+01,5.431977871675253144e-01
2.440000000000000000e+02,9.000000000000000000e+00,5.100000000000000000e+01,5.429250415429148768e-01
2.450000000000000000e+02,9.000000000000000000e+00,5.100000000000000000e+01,5.426534291494456985e-01
2.460000000000000000e+02,9.000000000000000000e+00,5.200000000000000000e+01,5.423890898743375377e-01
2.470000000000000000e+02,9.000000000000000000e+00,5.200000000000000000e+01,5.421184072842251123e-01
2.480000000000000000e+02,9.000000000000000000e+00,5.400000000000000000e+01,5.418530507856332834e-01
2.490000000000000000e+02,9.000000000000000000e+00,5.600000000000000000e+01,5.415814341569451518e-01
2.500000000000000000e+02,9.000000000000000000e+00,5.800000000000000000e+01,5.413059649427472975e-01
2.510000000000000000e+02,9.000000000000000000e+00,5.900000000000000000e+01,5.410192007120123714e-01
2.520000000000000000e+02,9.000000000000000000e+00,6.100000000000000000e+01,5.407380978690800033e-01
2.530000000000000000e+02,9.000000000000000000e+00,6.100000000000000000e+01,5.404469704342849123e-01
2.540000000000000000e+02,8.000000000000000000e+00,6.600000000000000000e+01,5.401657422608389103e-01
2.550000000000000000e+02,8.000000000000000000e+00,6.700000000000000000e+01,5.398675144927905789e-01
2.560000000000000000e+02,8.000000000000000000e+00,6.800000000000000000e+01,5.395773094258207170e-01
2.570000000000000000e+02,9.000000000000000000e+00,6.800000000000000000e+01,5.392814270094072882e-01
2.580000000000000000e+02,9.000000000000000000e+00,6.900000000000000000e+01,5.389887277470961635e-01
2.590000000000000000e+02,9.000000000000000000e+00,6.900000000000000000e+01,5.386968883007678954e-01
2.600000000000000000e+02,9.000000000000000000e+00,6.900000000000000000e+01,5.384008311518101442e-01
2.610000000000000000e+02,9.000000000000000000e+00,6.900000000000000000e+01,5.381188990412890671e-01
2.620000000000000000e+02,9.000000000000000000e+00,6.900000000000000000e+01,5.378356807446437182e-01
2.630000000000000000e+02,9.000000000000000000e+00,7.000000000000000000e+01,5.375500674494618769e-01
2.640000000000000000e+02,9.000000000000000000e+00,7.000000000000000000e+01,5.372656782604748882e-01
2.650000000000000000e+02,9.000000000000000000e+00,7.100000000000000000e+01,5.369915003716034807e-01
2.660000000000000000e+02,9.000000000000000000e+00,7.100000000000000000e+01,5.367146879236458501e-01
2.670000000000000000e+02,9.000000000000000000e+00,7.100000000000000000e+01,5.364390075747791364e-01
2.680000000000000000e+02,9.000000000000000000e+00,7.100000000000000000e+01,5.361649213846219064e-01
2.690000000000000000e+02,9.000000000000000000e+00,7.100000000000000000e+01,5.358917676661890672e-01
2.700000000000000000e+02,9.000000000000000000e+00,7.100000000000000000e+01,5.356299638284954812e-01
2.710000000000000000e+02,9.000000000000000000e+00,7.100000000000000000e+01,5.353692249061456909e-01
2.720000000000000000e+02,9.000000000000000000e+00,7.100000000000000000e+01,5.351171949711998055e-01
2.730000000000000000e+02,9.000000000000000000e+00,7.300000000000000000e+01,5.348693146714842417e-01
2.740000000000000000e+02,9.000000000000000000e+00,7.700000000000000000e+01,5.346133902293277451e-01
2.750000000000000000e+02,9.000000000000000000e+00,8.000000000000000000e+01,5.343333140368942136e-01
2.760000000000000000e+02,9.000000000000000000e+00,8.000000000000000000e+01,5.340435812683503869e-01
2.770000000000000000e+02,9.000000000000000000e+00,8.200000000000000000e+01,5.337509328987305457e-01
2.780000000000000000e+02,9.000000000000000000e+00,8.200000000000000000e+01,5.334526245633796071e-01
2.790000000000000000e+02,9.000000000000000000e+00,8.300000000000000000e+01,5.331607929901952536e-01
2.800000000000000000e+02,9.000000000000000000e+00,8.300000000000000000e+01,5.328674705978354575e-01
2.810000000000000000e+02,9.000000000000000000e+00,8.400000000000000000e+01,5.325797789919501923e-01
2.820000000000000000e+02,9.000000000000000000e+00,8.500000000000000000e+01,5.322911488482067188e-01
2.830000000000000000e+02,9.000000000000000000e+00,8.500000000000000000e+01,5.320073114475257769e-01
2.840000000000000000e+02,9.000000000000000000e+00,8.500000000000000000e+01,5.317299425608000840e-01
2.850000000000000000e+02,9.000000000000000000e+00,8.700000000000000000e+01,5.314536166330759981e-01
2.860000000000000000e+02,9.000000000000000000e+00,8.800000000000000000e+01,5.311743669331474571e-01
2.870000000000000000e+02,9.000000000000000000e+00,8.800000000000000000e+01,5.308859877962075480e-01
2.880000000000000000e+02,9.000000000000000000e+00,8.900000000000000000e+01,5.306016063195423405e-01
2.890000000000000000e+02,9.000000000000000000e+00,8.900000000000000000e+01,5.303199617545033551e-01
2.900000000000000000e+02,9.000000000000000000e+00,8.900000000000000000e+01,5.300314556735288285e-01
2.910000000000000000e+02,9.000000000000000000e+00,8.900000000000000000e+01,5.297529676577782398e-01
2.920000000000000000e+02,9.000000000000000000e+00,8.900000000000000000e+01,5.294827090550762172e-01
2.930000000000000000e+02,9.000000000000000000e+00,8.900000000000000000e+01,5.292089949666284321e-01
2.940000000000000000e+02,9.000000000000000000e+00,8.900000000000000000e+01,5.289419838021673925e-01
2.950000000000000000e+02,9.000000000000000000e+00,8.900000000000000000e+01,5.286832069243967425e-01
2.960000000000000000e+02,9.000000000000000000e+00,9.000000000000000000e+01,5.284239467263299739e-01
2.970000000000000000e+02,9.000000000000000000e+00,9.200000000000000000e+01,5.281641746834394580e-01
2.980000000000000000e+02,9.000000000000000000e+00,9.500000000000000000e+01,5.278980813939359029e-01
2.990000000000000000e+02,9.000000000000000000e+00,9.600000000000000000e+01,5.276168439082461470e-01
3.000000000000000000e+02,9.000000000000000000e+00,9.700000000000000000e+01,5.273393834101902655e-01
3.010000000000000000e+02,9.000000000000000000e+00,9.700000000000000000e+01,5.270593760976567399e-01
3.020000000000000000e+02,9.000000000000000000e+00,9.700000000000000000e+01,5.267842091613313960e-01
3.030000000000000000e+02,9.000000000000000000e+00,9.800000000000000000e+01,5.265145150429029197e-01
3.040000000000000000e+02,9.000000000000000000e+00,9.800000000000000000e+01,5.262464041299592665e-01
3.050000000000000000e+02,9.000000000000000000e+00,9.900000000000000000e+01,5.259762593421000165e-01
3.060000000000000000e+02,9.000000000000000000e+00,1.010000000000000000e+02,5.257057394889668167e-01
3.070000000000000000e+02,1.000000000000000000e+01,1.010000000000000000e+02,5.254233279633956366e-01
3.080000000000000000e+02,1.000000000000000000e+01,1.020000000000000000e+02,5.251387189187082249e-01
3.090000000000000000e+02,1.000000000000000000e+01,1.020000000000000000e+02,5.248569976466188614e-01
3.100000000000000000e+02,1.000000000000000000e+01,1.040000000000000000e+02,5.245719976017182429e-01
3.110000000000000000e+02,1.100000000000000000e+01,1.040000000000000000e+02,5.242787208862824677e-01
3.120000000000000000e+02,1.100000000000000000e+01,1.040000000000000000e+02,5.239886314495724173e-01
3.130000000000000000e+02,1.100000000000000000e+01,1.050000000000000000e+02,5.237014566593294340e-01
3.140000000000000000e+02,1.100000000000000000e+01,1.050000000000000000e+02,5.234114831121867706e-01
3.150000000000000000e+02,1.100000000000000000e+01,1.050000000000000000e+02,5.231313492498922413e-01
3.160000000000000000e+02,1.100000000000000000e+01,1.050000000000000000e+02,5.228565426939789651e-01
3.170000000000000000e+02,1.100000000000000000e+01,1.060000000000000000e+02,5.225862780213655912e-01
3.180000000000000000e+02,1.100000000000000000e+01,1.060000000000000000e+02,5.223184578443557102e-01
3.190000000000000000e+02,1.100000000000000000e+01,1.070000000000000000e+02,5.220477346913601213e-01
3.200000000000000000e+02,1.200000000000000000e+01,1.080000000000000000e+02,5.217885651952819392e-01
3.210000000000000000e+02,1.200000000000000000e+01,1.090000000000000000e+02,5.215238266206724260e-01
3.220000000000000000e+02,1.200000000000000000e+01,1.090000000000000000e+02,5.212578142288210037e-01
3.230000000000000000e+02,1.200000000000000000e+01,1.100000000000000000e+02,5.209976822755792991e-01
3.240000000000000000e+02,1.200000000000000000e+01,1.090000000000000000e+02,5.207365641519773325e-01
3.250000000000000000e+02,1.200000000000000000e+01,1.110000000000000000e+02,5.204930447713588260e-01
3.260000000000000000e+02,1.200000000000000000e+01,1.110000000000000000e+02,5.202381851258658374e-01
3.270000000000000000e+02,1.200000000000000000e+01,1.120000000000000000e+02,5.199826900604903601e-01
3.280000000000000000e+02,1.200000000000000000e+01,1.130000000000000000e+02,5.197361152556800867e-01
3.290000000000000000e+02,1.200000000000000000e+01,1.140000000000000000e+02,5.194927874548229685e-01
3.300000000000000000e+02,1.100000000000000000e+01,1.170000000000000000e+02,5.192456907170354130e-01
3.310000000000000000e+02,1.100000000000000000e+01,1.180000000000000000e+02,5.189850566090381534e-01
3.320000000000000000e+02,1.100000000000000000e+01,1.180000000000000000e+02,5.187247991890112653e-01
3.330000000000000000e+02,1.100000000000000000e+01,1.190000000000000000e+02,5.184640256919111900e-01
3.340000000000000000e+02,1.100000000000000000e+01,1.200000000000000000e+02,5.182012402209958957e-01
3.350000000000000000e+02,1.100000000000000000e+01,1.200000000000000000e+02,5.179365452188634533e-01
3.360000000000000000e+02,1.100000000000000000e+01,1.190000000000000000e+02,5.176769383432082705e-01
3.370000000000000000e+02,1.100000000000000000e+01,1.200000000000000000e+02,5.174240633783593335e-01
3.380000000000000000e+02,1.100000000000000000e+01,1.200000000000000000e+02,5.171729652868854998e-01
3.390000000000000000e+02,1.100000000000000000e+01,1.210000000000000000e+02,5.169384180574952969e-01
3.400000000000000000e+02,1.100000000000000000e+01,1.210000000000000000e+02,5.167021789710882773e-01
3.410000000000000000e+02,1.100000000000000000e+01,1.220000000000000000e+02,5.164716218489161514e-01
3.420000000000000000e+02,1.100000000000000000e+01,1.230000000000000000e+02,5.162490588651158507e-01
3.430000000000000000e+02,1.100000000000000000e+01,1.240000000000000000e+02,5.160081996810828020e-01
3.440000000000000000e+02,1.200000000000000000e+01,1.240000000000000000e+02,5.157637020114111959e-01
3.450000000000000000e+02,1.200000000000000000e+01,1.240000000000000000e+02,5.155199285483224036e-01
3.460000000000000000e+02,1.200000000000000000e+01,1.260000000000000000e+02,5.152816408469265141e-01
3.470000000000000000e+02,1.200000000000000000e+01,1.290000000000000000e+02,5.150294562104508200e-01
3.480000000000000000e+02,1.200000000000000000e+01,1.290000000000000000e+02,5.147791087261135434e-01
3.490000000000000000e+02,1.200000000000000000e+01,1.290000000000000000e+02,5.145310923806428738e-01
3.500000000000000000e+02,1.200000000000000000e+01,1.290000000000000000e+02,5.142946147353990582e-01
3.510000000000000000e+02,1.200000000000000000e+01,1.300000000000000000e+02,5.140497612462686661e-01
3.520000000000000000e+02,1.200000000000000000e+01,1.300000000000000000e+02,5.138103952068505675e-01
3.530000000000000000e+02,1.300000000000000000e+01,1.320000000000000000e+02,5.135674353121097990e-01
3.540000000000000000e+02,1.300000000000000000e+01,1.320000000000000000e+02,5.133219229832107766e-01
3.550000000000000000e+02,1.400000000000000000e+01,1.330000000000000000e+02,5.130733430382965476e-01
3.560000000000000000e+02,1.400000000000000000e+01,1.350000000000000000e+02,5.128155692707990765e-01
3.570000000000000000e+02,1.400000000000000000e+01,1.350000000000000000e+02,5.125664775711450405e-01
3.580000000000000000e+02,1.400000000000000000e+01,1.350000000000000000e+02,5.123170669387102638e-01
3.590000000000000000e+02,1.400000000000000000e+01,1.350000000000000000e+02,5.120700020890036619e-01
3.600000000000000000e+02,1.400000000000000000e+01,1.350000000000000000e+02,5.118423058171054363e-01
3.610000000000000000e+02,1.400000000000000000e+01,1.370000000000000000e+02,5.116125606175840890e-01
3.620000000000000000e+02,1.400000000000000000e+01,1.370000000000000000e+02,5.113812674228764843e-01
3.630000000000000000e+02,1.500000000000000000e+01,1.370000000000000000e+02,5.111366988151875290e-01
3.640000000000000000e+02,1.500000000000000000e+01,1.390000000000000000e+02,5.108901621502051071e-01
3.650000000000000000e+02,1.500000000000000000e+01,1.400000000000000000e+02,5.106340439783091378e-01
3.660000000000000000e+02,1.500000000000000000e+01,1.400000000000000000e+02,5.103802865274512657e-01
3.670000000000000000e+02,1.500000000000000000e+01,1.400000000000000000e+02,5.101169909280486303e-01
3.680000000000000000e+02,1.500000000000000000e+01,1.400000000000000000e+02,5.098723764551629234e-01
3.690000000000000000e+02,1.500000000000000000e+01,1.430000000000000000e+02,5.096386995796826636e-01
3.700000000000000000e+02,1.500000000000000000e+01,1.430000000000000000e+02,5.093730480098048741e-01
3.710000000000000000e+02,1.500000000000000000e+01,1.450000000000000000e+02,5.091121225934948091e-01
3.720000000000000000e+02,1.500000000000000000e+01,1.440000000000000000e+02,5.088478505624445258e-01
3.730000000000000000e+02,1.500000000000000000e+01,1.450000000000000000e+02,5.085986950593845979e-01
3.740000000000000000e+02,1.500000000000000000e+01,1.450000000000000000e+02,5.083609138674138883e-01
3.750000000000000000e+02,1.500000000000000000e+01,1.460000000000000000e+02,5.081210232636114155e-01
3.760000000000000000e+02,1.500000000000000000e+01,1.470000000000000000e+02,5.078859002692553970e-01
3.770000000000000000e+02,1.500000000000000000e+01,1.480000000000000000e+02,5.076403725302430781e-01
3.780000000000000000e+02,1.500000000000000000e+01,1.500000000000000000e+02,5.073777283247827841e-01
3.790000000000000000e+02,1.400000000000000000e+01,1.520000000000000000e+02,5.071074692305278520e-01
3.800000000000000000e+02,1.400000000000000000e+01,1.520000000000000000e+02,5.068364097951864045e-01
3.810000000000000000e+02,1.400000000000000000e+01,1.540000000000000000e+02,5.065734478875975055e-01
3.820000000000000000e+02,1.400000000000000000e+01,1.540000000000000000e+02,5.062973501884509009e-01
3.830000000000000000e+02,1.400000000000000000e+01,1.550000000000000000e+02,5.060354891509218911e-01
3.840000000000000000e+02,1.400000000000000000e+01,1.550000000000000000e+02,5.057638374845797591e-01
3.850000000000000000e+02,1.400000000000000000e+01,1.550000000000000000e+02,5.054981747784170754e-01
3.860000000000000000e+02,1.400000000000000000e+01,1.550000000000000000e+02,5.052407423692214516e-01
3.870000000000000000e+02,1.400000000000000000e+01,1.550000000000000000e+02,5.049867991811857193e-01
3.880000000000000000e+02,1.400000000000000000e+01,1.570000000000000000e+02,5.047414877665787891e-01
3.890000000000000000e+02,1.400000000000000000e+01,1.570000000000000000e+02,5.045056050390122060e-01
3.900000000000000000e+02,1.400000000000000000e+01,1.610000000000000000e+02,5.042536555057794967e-01
3.910000000000000000e+02,1.400000000000000000e+01,1.630000000000000000e+02,5.039941251511502740e-01
3.920000000000000000e+02,1.400000000000000000e+01,1.640000000000000000e+02,5.037465074556919387e-01
3.930000000000000000e+02,1.400000000000000000e+01,1.640000000000000000e+02,5.035014593365679803e-01
3.940000000000000000e+02,1.400000000000000000e+01,1.630000000000000000e+02,5.032572816169265106e-01
3.950000000000000000e+02,1.400000000000000000e+01,1.650000000000000000e+02,5.030232209824764267e-01
3.960000000000000000e+02,1.400000000000000000e+01,1.670000000000000000e+02,5.027710180925573091e-01
3.970000000000000000e+02,1.400000000000000000e+01,1.690000000000000000e+02,5.025091258496601210e-01
3.980000000000000000e+02,1.400000000000000000e+01,1.700000000000000000e+02,5.022499516481433446e-01
3.990000000000000000e+02,1.400000000000000000e+01,1.700000000000000000e+02,5.019768288283072977e-01
4.000000000000000000e+02,1.400000000000000000e+01,1.720000000000000000e+02,5.017172488714080059e-01
4.010000000000000000e+02,1.400000000000000000e+01,1.720000000000000000e+02,5.014585307944026127e-01
4.020000000000000000e+02,1.500000000000000000e+01,1.720000000000000000e+02,5.011959878150816783e-01
4.030000000000000000e+02,1.600000000000000000e+01,1.740000000000000000e+02,5.009340186631907610e-01
4.040000000000000000e+02,1.600000000000000000e+01,1.770000000000000000e+02,5.006464224036032418e-01
4.050000000000000000e+02,1.700000000000000000e+01,1.770000000000000000e+02,5.003658827296948441e-01
4.060000000000000000e+02,1.700000000000000000e+01,1.770000000000000000e+02,5.000807788273361476e-01
4.070000000000000000e+02,1.700000000000000000e+01,1.780000000000000000e+02,4.997939472861669952e-01
4.080000000000000000e+02,1.700000000000000000e+01,1.800000000000000000e+02,4.994960153215751708e-01
4.090000000000000000e+02,1.700000000000000000e+01,1.800000000000000000e+02,4.992074951639773883e-01
4.100000000000000000e+02,1.700000000000000000e+01,1.800000000000000000e+02,4.989194196414158955e-01
4.110000000000000000e+02,1.700000000000000000e+01,1.800000000000000000e+02,4.986321062229009948e-01
4.120000000000000000e+02,1.700000000000000000e+01,1.820000000000000000e+02,4.983435305405398696e-01
4.130000000000000000e+02,1.700000000000000000e+01,1.820000000000000000e+02,4.980516496024416373e-01
4.140000000000000000e+02,1.700000000000000000e+01,1.850000000000000000e+02,4.977668915556626716e-01
4.150000000000000000e+02,1.700000000000000000e+01,1.860000000000000000e+02,4.974786846964070475e-01
4.160000000000000000e+02,1.700000000000000000e+01,1.870000000000000000e+02,4.971769613193892656e-01
4.170000000000000000e+02,1.700000000000000000e+01,1.890000000000000000e+02,4.968814989518417491e-01
4.180000000000000000e+02,1.700000000000000000e+01,1.900000000000000000e+02,4.965753045236407370e-01
4.190000000000000000e+02,1.700000000000000000e+01,1.890000000000000000e+02,4.962808700624645741e-01
4.200000000000000000e+02,1.700000000000000000e+01,1.910000000000000000e+02,4.960011479117033550e-01
4.210000000000000000e+02,1.700000000000000000e+01,1.940000000000000000e+02,4.957084958163190391e-01
4.220000000000000000e+02,1.700000000000000000e+01,1.940000000000000000e+02,4.954014691192680231e-01
4.230000000000000000e+02,1.700000000000000000e+01,1.940000000000000000e+02,4.951120970968673207e-01
4.240000000000000000e+02,1.700000000000000000e+01,1.940000000000000000e+02,4.948262212992136089e-01
4.250000000000000000e+02,1.700000000000000000e+01,1.940000000000000000e+02,4.945326783507336676e-01
4.260000000000000000e+02,1.800000000000000000e+01,1.940000000000000000e+02,4.942356381046000835e-01
4.270000000000000000e+02,1.800000000000000000e+01,1.940000000000000000e+02,4.939474733047897748e-01
4.280000000000000000e+02,1.800000000000000000e+01,1.980000000000000000e+02,4.936697781744677771e-01
4.290000000000000000e+02,1.800000000000000000e+01,2.010000000000000000e+02,4.933625188113478499e-01
4.300000000000000000e+02,1.800000000000000000e+01,2.010000000000000000e+02,4.930602692275745658e-01
4.310000000000000000e+02,1.800000000000000000e+01,2.020000000000000000e+02,4.927501083685367766e-01
4.320000000000000000e+02,1.800000000000000000e+01,2.030000000000000000e+02,4.924583653969467623e-01
4.330000000000000000e+02,1.800000000000000000e+01,2.030000000000000000e+02,4.921618102692699170e-01
4.340000000000000000e+02,1.700000000000000000e+01,2.050000000000000000e+02,4.918705875038723585e-01
4.350000000000000000e+02,1.700000000000000000e+01,2.060000000000000000e+02,4.915699249621129918e-01
4.360000000000000000e+02,1.700000000000000000e+01,2.070000000000000000e+02,4.912726820378251480e-01
4.370000000000000000e+02,1.700000000000000000e+01,2.080000000000000000e+02,4.909869868404017623e-01
4.380000000000000000e+02,1.700000000000000000e+01,2.110000000000000000e+02,4.907089604276190231e-01
4.390000000000000000e+02,1.700000000000000000e+01,2.120000000000000000e+02,4.904350880171046145e-01
4.400000000000000000e+02,1.700000000000000000e+01,2.120000000000000000e+02,4.901397101040322890e-01
4.410000000000000000e+02,1.700000000000000000e+01,2.130000000000000000e+02,4.898679130498483913e-01
4.420000000000000000e+02,1.700000000000000000e+01,2.150000000000000000e+02,4.895770052460927113e-01
4.430000000000000000e+02,1.700000000000000000e+01,2.150000000000000000e+02,4.892829816617331740e-01
4.440000000000000000e+02,1.700000000000000000e+01,2.170000000000000000e+02,4.890001157241552487e-01
4.450000000000000000e+02,1.700000000000000000e+01,2.170000000000000000e+02,4.887049906982589564e-01
4.460000000000000000e+02,1.700000000000000000e+01,2.170000000000000000e+02,4.884168351237341277e-01
4.470000000000000000e+02,1.700000000000000000e+01,2.200000000000000000e+02,4.881384876421875907e-01
4.480000000000000000e+02,1.700000000000000000e+01,2.200000000000000000e+02,4.878534236060894091e-01
4.490000000000000000e+02,1.700000000000000000e+01,2.190000000000000000e+02,4.875538719799141218e-01
4.500000000000000000e+02,1.700000000000000000e+01,2.190000000000000000e+02,4.872637661480463400e-01
4.510000000000000000e+02,1.700000000000000000e+01,2.220000000000000000e+02,4.869913088037309268e-01
4.520000000000000000e+02,1.800000000000000000e+01,2.270000000000000000e+02,4.867031439727150244e-01
4.530000000000000000e+02,1.800000000000000000e+01,2.290000000000000000e+02,4.863830352913821042e-01
4.540000000000000000e+02,1.900000000000000000e+01,2.300000000000000000e+02,4.860690735598142687e-01
4.550000000000000000e+02,1.900000000000000000e+01,2.310000000000000000e+02,4.857421536451644872e-01
4.560000000000000000e+02,1.900000000000000000e+01,2.310000000000000000e+02,4.854196741698482698e-01
4.570000000000000000e+02,1.900000000000000000e+01,2.320000000000000000e+02,4.851103085076883814e-01
4.580000000000000000e+02,1.900000000000000000e+01,2.330000000000000000e+02,4.848018699664542464e-01
4.590000000000000000e+02,1.800000000000000000e+01,2.340000000000000000e+02,4.844869723139678119e-01
4.600000000000000000e+02,1.800000000000000000e+01,2.340000000000000000e+02,4.841780818775702766e-01
4.610000000000000000e+02,1.800000000000000000e+01,2.360000000000000000e+02,4.838712133001511484e-01
4.620000000000000000e+02,1.800000000000000000e+01,2.360000000000000000e+02,4.835551936390863337e-01
4.630000000000000000e+02,1.800000000000000000e+01,2.380000000000000000e+02,4.832568991815041071e-01
4.640000000000000000e+02,1.800000000000000000e+01,2.400000000000000000e+02,4.829432988466078047e-01
4.650000000000000000e+02,1.800000000000000000e+01,2.400000000000000000e+02,4.826390756129045334e-01
4.660000000000000000e+02,1.800000000000000000e+01,2.420000000000000000e+02,4.823342780710927480e-01
4.670000000000000000e+02,1.800000000000000000e+01,2.420000000000000000e+02,4.820216779606347757e-01
4.680000000000000000e+02,1.800000000000000000e+01,2.430000000000000000e+02,4.817195992331987919e-01
4.690000000000000000e+02,1.800000000000000000e+01,2.430000000000000000e+02,4.814073990899158106e-01
4.700000000000000000e+02,1.800000000000000000e+01,2.440000000000000000e+02,4.811097911122919624e-01
4.710000000000000000e+02,1.800000000000000000e+01,2.460000000000000000e+02,4.808035475986174867e-01
4.720000000000000000e+02,1.800000000000000000e+01,2.450000000000000000e+02,4.804958102035412626e-01
4.730000000000000000e+02,1.800000000000000000e+01,2.450000000000000000e+02,4.802025464330456073e-01
4.740000000000000000e+02,1.800000000000000000e+01,2.470000000000000000e+02,4.799264382027247922e-01
4.750000000000000000e+02,1.800000000000000000e+01,2.480000000000000000e+02,4.796416654693611559e-01
4.760000000000000000e+02,1.800000000000000000e+01,2.520000000000000000e+02,4.793767024508227004e-01
4.770000000000000000e+02,1.800000000000000000e+01,2.530000000000000000e+02,4.790939613232547134e-01
4.780000000000000000e+02,1.800000000000000000e+01,2.570000000000000000e+02,4.788016234193359089e-01
4.790000000000000000e+02,1.700000000000000000e+01,2.590000000000000000e+02,4.784824644538437366e-01
4.800000000000000000e+02,1.700000000000000000e+01,2.600000000000000000e+02,4.781700732325541159e-01
4.810000000000000000e+02,1.700000000000000000e+01,2.600000000000000000e+02,4.778670979767851712e-01
4.820000000000000000e+02,1.700000000000000000e+01,2.610000000000000000e+02,4.775589098913364250e-01
4.830000000000000000e+02,1.700000000000000000e+01,2.620000000000000000e+02,4.772483709952919373e-01
4.840000000000000000e+02,1.700000000000000000e+01,2.630000000000000000e+02,4.769371350250701802e-01
4.850000000000000000e+02,1.700000000000000000e+01,2.650000000000000000e+02,4.766384695744439459e-01
4.860000000000000000e+02,1.700000000000000000e+01,2.680000000000000000e+02,4.763249730425687667e-01
4.870000000000000000e+02,1.700000000000000000e+01,2.690000000000000000e+02,4.760151875871041494e-01
4.880000000000000000e+02,1.700000000000000000e+01,2.700000000000000000e+02,4.756970702435158738e-01
4.890000000000000000e+02,1.700000000000000000e+01,2.720000000000000000e+02,4.753858161077458844e-01
4.900000000000000000e+02,1.700000000000000000e+01,2.730000000000000000e+02,4.750737087242571932e-01
4.910000000000000000e+02,1.700000000000000000e+01,2.730000000000000000e+02,4.747848602648067073e-01
4.920000000000000000e+02,1.700000000000000000e+01,2.740000000000000000e+02,4.744787725678927259e-01
4.930000000000000000e+02,1.700000000000000000e+01,2.740000000000000000e+02,4.741714690851904224e-01
4.940000000000000000e+02,1.700000000000000000e+01,2.750000000000000000e+02,4.738865000368085445e-01
4.950000000000000000e+02,1.700000000000000000e+01,2.800000000000000000e+02,4.735971194113797744e-01
4.960000000000000000e+02,1.700000000000000000e+01,2.820000000000000000e+02,4.732831299629976507e-01
4.970000000000000000e+02,1.700000000000000000e+01,2.830000000000000000e+02,4.729880247412069916e-01
4.980000000000000000e+02,1.700000000000000000e+01,2.840000000000000000e+02,4.726800240120356267e-01
4.990000000000000000e+02,1.700000000000000000e+01,2.860000000000000000e+02,4.723812378853386451e-01
5.000000000000000000e+02,1.700000000000000000e+01,2.870000000000000000e+02,4.720901093022696338e-01
5.010000000000000000e+02,1.700000000000000000e+01,2.880000000000000000e+02,4.717976078260451289e-01
5.020000000000000000e+02,1.700000000000000000e+01,2.930000000000000000e+02,4.715282530447760800e-01
5.030000000000000000e+02,1.700000000000000000e+01,2.940000000000000000e+02,4.712269197462801706e-01
5.040000000000000000e+02,1.700000000000000000e+01,2.940000000000000000e+02,4.709328262387715291e-01
5.050000000000000000e+02,1.700000000000000000e+01,2.960000000000000000e+02,4.706301060297648498e-01
5.060000000000000000e+02,1.700000000000000000e+01,2.960000000000000000e+02,4.703365268662962895e-01
5.070000000000000000e+02,1.700000000000000000e+01,2.970000000000000000e+02,4.700488081140797858e-01
5.080000000000000000e+02,1.800000000000000000e+01,2.970000000000000000e+02,4.697889672622110324e-01
5.090000000000000000e+02,1.800000000000000000e+01,2.990000000000000000e+02,4.695319379167589569e-01
5.100000000000000000e+02,1.800000000000000000e+01,2.990000000000000000e+02,4.692760974980648148e-01
5.110000000000000000e+02,1.800000000000000000e+01,2.990000000000000000e+02,4.690373884571293894e-01
5.120000000000000000e+02,1.800000000000000000e+01,3.000000000000000000e+02,4.688065663559959351e-01
5.130000000000000000e+02,1.700000000000000000e+01,3.040000000000000000e+02,4.685575770799185746e-01
5.140000000000000000e+02,1.700000000000000000e+01,3.030000000000000000e+02,4.682819326247232294e-01
5.150000000000000000e+02,1.800000000000000000e+01,3.040000000000000000e+02,4.680290476914840125e-01
5.160000000000000000e+02,1.800000000000000000e+01,3.030000000000000000e+02,4.677614724844847416e-01
5.170000000000000000e+02,1.800000000000000000e+01,3.050000000000000000e+02,4.675062127288917568e-01
5.180000000000000000e+02,1.800000000000000000e+01,3.060000000000000000e+02,4.672317030992849118e-01
5.190000000000000000e+02,1.800000000000000000e+01,3.060000000000000000e+02,4.669417495487626080e-01
5.200000000000000000e+02,1.800000000000000000e+01,3.100000000000000000e+02,4.666617502173128762e-01
5.210000000000000000e+02,1.800000000000000000e+01,3.110000000000000000e+02,4.663623188459160573e-01
5.220000000000000000e+02,1.800000000000000000e+01,3.120000000000000000e+02,4.660851345361164411e-01
5.230000000000000000e+02,1.800000000000000000e+01,3.120000000000000000e+02,4.657930450507419273e-01
5.240000000000000000e+02,1.800000000000000000e+01,3.160000000000000000e+02,4.654984948671631040e-01
5.250000000000000000e+02,1.800000000000000000e+01,3.190000000000000000e+02,4.652065001330735194e-01
5.260000000000000000e+02,1.800000000000000000e+01,3.200000000000000000e+02,4.649193998178775544e-01
5.270000000000000000e+02,1.800000000000000000e+01,3.220000000000000000e+02,4.646440504558125295e-01
5.280000000000000000e+02,1.800000000000000000e+01,3.230000000000000000e+02,4.643394821793931926e-01
5.290000000000000000e+02,1.800000000000000000e+01,3.250000000000000000e+02,4.640318864658266595e-01
5.300000000000000000e+02,1.800000000000000000e+01,3.250000000000000000e+02,4.637148966793681604e-01
5.310000000000000000e+02,1.800000000000000000e+01,3.260000000000000000e+02,4.634275225145267907e-01
5.320000000000000000e+02,1.800000000000000000e+01,3.260000000000000000e+02,4.631213534081251026e-01
5.330000000000000000e+02,1.800000000000000000e+01,3.260000000000000000e+02,4.628393444057037898e-01
5.340000000000000000e+02,1.800000000000000000e+01,3.270000000000000000e+02,4.625810134315461175e-01
5.350000000000000000e+02,1.800000000000000000e+01,3.270000000000000000e+02,4.623239019344644318e-01
5.360000000000000000e+02,1.800000000000000000e+01,3.280000000000000000e+02,4.620843968062025020e-01
5.370000000000000000e+02,1.800000000000000000e+01,3.290000000000000000e+02,4.618055191756459399e-01
5.380000000000000000e+02,1.900000000000000000e+01,3.330000000000000000e+02,4.615373121438796078e-01
5.390000000000000000e+02,1.900000000000000000e+01,3.340000000000000000e+02,4.612549097564272449e-01
5.400000000000000000e+02,1.900000000000000000e+01,3.350000000000000000e+02,4.609973720399235808e-01
5.410000000000000000e+02,1.900000000000000000e+01,3.350000000000000000e+02,4.607330483497581453e-01
5.420000000000000000e+02,1.900000000000000000e+01,3.350000000000000000e+02,4.605024716978720067e-01
5.430000000000000000e+02,1.900000000000000000e+01,3.360000000000000000e+02,4.602742533433019090e-01
5.440000000000000000e+02,1.900000000000000000e+01,3.400000000000000000e+02,4.600477712973196076e-01
5.450000000000000000e+02,1.900000000000000000e+01,3.410000000000000000e+02,4.597979597893198656e-01
5.460000000000000000e+02,1.900000000000000000e+01,3.420000000000000000e+02,4.595558511813809810e-01
5.470000000000000000e+02,1.900000000000000000e+01,3.430000000000000000e+02,4.593079302325467350e-01
5.480000000000000000e+02,1.900000000000000000e+01,3.450000000000000000e+02,4.590826880991336068e-01
5.490000000000000000e+02,1.900000000000000000e+01,3.450000000000000000e+02,4.588709937201579381e-01
5.500000000000000000e+02,1.900000000000000000e+01,3.460000000000000000e+02,4.586368808896565952e-01
5.510000000000000000e+02,1.900000000000000000e+01,3.490000000000000000e+02,4.584108157416918461e-01
5.520000000000000000e+02,2.000000000000000000e+01,3.520000000000000000e+02,4.581809766018358765e-01
5.530000000000000000e+02,2.000000000000000000e+01,3.540000000000000000e+02,4.579361620774450858e-01
5.540000000000000000e+02,2.000000000000000000e+01,3.540000000000000000e+02,4.576908173450309758e-01
5.550000000000000000e+02,2.000000000000000000e+01,3.550000000000000000e+02,4.574512850691853094e-01
5.560000000000000000e+02,2.100000000000000000e+01,3.580000000000000000e+02,4.571870677246364090e-01
5.570000000000000000e+02,2.100000000000000000e+01,3.570000000000000000e+02,4.568922761772506447e-01
5.580000000000000000e+02,2.100000000000000000e+01,3.570000000000000000e+02,4.566298687327556838e-01
5.590000000000000000e+02,2.100000000000000000e+01,3.570000000000000000e+02,4.563687385594954460e-01
5.600000000000000000e+02,2.100000000000000000e+01,3.590000000000000000e+02,4.561272543841376481e-01
5.610000000000000000e+02,2.100000000000000000e+01,3.600000000000000000e+02,4.558789699500074843e-01
5.620000000000000000e+02,2.100000000000000000e+01,3.630000000000000000e+02,4.556402015475286560e-01
5.630000000000000000e+02,2.100000000000000000e+01,3.630000000000000000e+02,4.553977482480297545e-01
5.640000000000000000e+02,2.100000000000000000e+01,3.650000000000000000e+02,4.551546490309084647e-01
5.650000000000000000e+02,2.100000000000000000e+01,3.650000000000000000e+02,4.549020133459453774e-01
5.660000000000000000e+02,2.100000000000000000e+01,3.670000000000000000e+02,4.546757819162999814e-01
5.670000000000000000e+02,2.100000000000000000e+01,3.690000000000000000e+02,4.544394655224543444e-01
5.680000000000000000e+02,2.100000000000000000e+01,3.710000000000000000e+02,4.541811084504980278e-01
5.690000000000000000e+02,2.100000000000000000e+01,3.710000000000000000e+02,4.539204942776683960e-01
5.700000000000000000e+02,2.100000000000000000e+01,3.710000000000000000e+02,4.536766517921499431e-01
5.710000000000000000e+02,2.100000000000000000e+01,3.730000000000000000e+02,4.534470806529990461e-01
5.720000000000000000e+02,2.100000000000000000e+01,3.730000000000000000e+02,4.531758163660476457e-01
5.730000000000000000e+02,2.100000000000000000e+01,3.750000000000000000e+02,4.529243358925677532e-01
5.740000000000000000e+02,2.100000000000000000e+01,3.780000000000000000e+02,4.526440907196119245e-01
5.750000000000000000e+02,2.100000000000000000e+01,3.800000000000000000e+02,4.523656575244928701e-01
5.760000000000000000e+02,2.100000000000000000e+01,3.810000000000000000e+02,4.520875616770161920e-01
5.770000000000000000e+02,2.300000000000000000e+01,3.810000000000000000e+02,4.518062819771808680e-01
5.780000000000000000e+02,2.300000000000000000e+01,3.810000000000000000e+02,4.515221459674657600e-01
5.790000000000000000e+02,2.300000000000000000e+01,3.830000000000000000e+02,4.512377165530786494e-01
5.800000000000000000e+02,2.300000000000000000e+01,3.860000000000000000e+02,4.509395251517739345e-01
5.810000000000000000e+02,2.300000000000000000e+01,3.860000000000000000e+02,4.506246014089964058e-01
5.820000000000000000e+02,2.300000000000000000e+01,3.890000000000000000e+02,4.503206482627569174e-01
5.830000000000000000e+02,2.300000000000000000e+01,3.890000000000000000e+02,4.500352557421540278e-01
5.840000000000000000e+02,2.300000000000000000e+01,3.910000000000000000e+02,4.497514372692976159e-01
5.850000000000000000e+02,2.300000000000000000e+01,3.900000000000000000e+02,4.494883872991817797e-01
5.860000000000000000e+02,2.300000000000000000e+01,3.910000000000000000e+02,4.492186979553324799e-01
5.870000000000000000e+02,2.300000000000000000e+01,3.920000000000000000e+02,4.489767597337595006e-01
5.880000000000000000e+02,2.300000000000000000e+01,3.940000000000000000e+02,4.487085767612946641e-01
5.890000000000000000e+02,2.300000000000000000e+01,3.950000000000000000e+02,4.484448488827246782e-01
5.900000000000000000e+02,2.300000000000000000e+01,3.980000000000000000e+02,4.481713662159461098e-01
5.910000000000000000e+02,2.300000000000000000e+01,4.000000000000000000e+02,4.478985479529564717e-01
5.920000000000000000e+02,2.300000000000000000e+01,3.990000000000000000e+02,4.476311275394516676e-01
5.930000000000000000e+02,2.400000000000000000e+01,4.010000000000000000e+02,4.473774110225232081e-01
5.940000000000000000e+02,2.400000000000000000e+01,4.030000000000000000e+02,4.470990907240876555e-01
5.950000000000000000e+02,2.400000000000000000e+01,4.040000000000000000e+02,4.468268851541614128e-01
5.960000000000000000e+02,2.500000000000000000e+01,4.040000000000000000e+02,4.465715198436153166e-01
5.970000000000000000e+02,2.500000000000000000e+01,4.050000000000000000e+02,4.463299167826206282e-01
5.980000000000000000e+02,2.500000000000000000e+01,4.070000000000000000e+02,4.460894793735063479e-01
5.990000000000000000e+02,2.500000000000000000e+01,4.100000000000000000e+02,4.458677599438128358e-01
6.000000000000000000e+02,2.600000000000000000e+01,4.110000000000000000e+02,4.456316821359734837e-01
6.010000000000000000e+02,2.700000000000000000e+01,4.130000000000000000e+02,4.454076684754444404e-01
6.020000000000000000e+02,2.700000000000000000e+01,4.150000000000000000e+02,4.451729246257624117e-01
6.030000000000000000e+02,2.700000000000000000e+01,4.150000000000000000e+02,4.449322941378723306e-01
6.040000000000000000e+02,2.700000000000000000e+01,4.190000000000000000e+02,4.446808317657047760e-01
6.050000000000000000e+02,2.700000000000000000e+01,4.210000000000000000e+02,4.444344492201764973e-01
6.060000000000000000e+02,2.700000000000000000e+01,4.220000000000000000e+02,4.441488869944457130e-01
6.070000000000000000e+02,2.700000000000000000e+01,4.260000000000000000e+02,4.438837415730010338e-01
6.080000000000000000e+02,2.800000000000000000e+01,4.270000000000000000e+02,4.436246301833378092e-01
6.090000000000000000e+02,2.800000000000000000e+01,4.280000000000000000e+02,4.433630504091733426e-01
6.100000000000000000e+02,2.800000000000000000e+01,4.280000000000000000e+02,4.431176002055624008e-01
6.110000000000000000e+02,2.800000000000000000e+01,4.280000000000000000e+02,4.428689798290784685e-01
6.120000000000000000e+02,2.800000000000000000e+01,4.290000000000000000e+02,4.426377544762748473e-01
6.130000000000000000e+02,2.800000000000000000e+01,4.310000000000000000e+02,4.424173073107141585e-01
6.140000000000000000e+02,2.800000000000000000e+01,4.330000000000000000e+02,4.421989729687079151e-01
6.150000000000000000e+02,2.800000000000000000e+01,4.350000000000000000e+02,4.419759017630301434e-01
6.160000000000000000e+02,2.800000000000000000e+01,4.360000000000000000e+02,4.417553645606600576e-01
6.170000000000000000e+02,2.900000000000000000e+01,4.370000000000000000e+02,4.415236426744943987e-01
6.180000000000000000e+02,2.900000000000000000e+01,4.370000000000000000e+02,4.413063983319500672e-01
6.190000000000000000e+02,3.000000000000000000e+01,4.370000000000000000e+02,4.411296475871584466e-01
6.200000000000000000e+02,3.000000000000000000e+01,4.370000000000000000e+02,4.409594748371762352e-01
6.210000000000000000e+02,3.000000000000000000e+01,4.390000000000000000e+02,4.408026322273933539e-01
6.220000000000000000e+02,3.000000000000000000e+01,4.440000000000000000e+02,4.406243142046257222e-01
6.230000000000000000e+02,3.000000000000000000e+01,4.460000000000000000e+02,4.403837877098799591e-01
6.240000000000000000e+02,3.000000000000000000e+01,4.500000000000000000e+02,4.401580609577657177e-01
6.250000000000000000e+02,3.000000000000000000e+01,4.520000000000000000e+02,4.399457224722403414e-01
6.260000000000000000e+02,3.000000000000000000e+01,4.540000000000000000e+02,4.397087967673709019e-01
6.270000000000000000e+02,3.000000000000000000e+01,4.550000000000000000e+02,4.394934234141959495e-01
6.280000000000000000e+02,3.000000000000000000e+01,4.560000000000000000e+02,4.392851496750218576e-01
6.290000000000000000e+02,3.100000000000000000e+01,4.570000000000000000e+02,4.390904711571065322e-01
6.300000000000000000e+02,3.200000000000000000e+01,4.600000000000000000e+02,4.388491495150502741e-01
6.310000000000000000e+02,3.200000000000000000e+01,4.620000000000000000e+02,4.386059521338450673e-01
6.320000000000000000e+02,3.300000000000000000e+01,4.650000000000000000e+02,4.383955854818455400e-01
6.330000000000000000e+02,3.300000000000000000e+01,4.640000000000000000e+02,4.381385062196433422e-01
6.340000000000000000e+02,3.300000000000000000e+01,4.640000000000000000e+02,4.379018764455623880e-01
6.350000000000000000e+02,3.300000000000000000e+01,4.650000000000000000e+02,4.376572196486363531e-01
6.360000000000000000e+02,3.300000000000000000e+01,4.660000000000000000e+02,4.374587842790075842e-01
6.370000000000000000e+02,3.300000000000000000e+01,4.680000000000000000e+02,4.372484852791852505e-01
6.380000000000000000e+02,3.300000000000000000e+01,4.700000000000000000e+02,4.370224399795975545e-01
6.390000000000000000e+02,3.300000000000000000e+01,4.720000000000000000e+02,4.368046829453591240e-01
6.400000000000000000e+02,3.300000000000000000e+01,4.740000000000000000e+02,4.365931102949605069e-01
6.410000000000000000e+02,3.300000000000000000e+01,4.760000000000000000e+02,4.363797370875253656e-01
6.420000000000000000e+02,3.300000000000000000e+01,4.780000000000000000e+02,4.361443281098538738e-01
6.430000000000000000e+02,3.300000000000000000e+01,4.790000000000000000e+02,4.358730699238426154e-01
6.440000000000000000e+02,3.300000000000000000e+01,4.810000000000000000e+02,4.356010702129794465e-01
6.450000000000000000e+02,3.300000000000000000e+01,4.820000000000000000e+02,4.353399611607547959e-01
6.460000000000000000e+02,3.300000000000000000e+01,4.840000000000000000e+02,4.350978136669654828e-01
6.470000000000000000e+02,3.300000000000000000e+01,4.860000000000000000e+02,4.348402581268102640e-01
6.480000000000000000e+02,3.300000000000000000e+01,4.930000000000000000e+02,4.345751166832126922e-01
6.490000000000000000e+02,3.300000000000000000e+01,4.950000000000000000e+02,4.343033045093484534e-01
6.500000000000000000e+02,3.300000000000000000e+01,4.970000000000000000e+02,4.339891354096801490e-01
6.510000000000000000e+02,3.300000000000000000e+01,4.960000000000000000e+02,4.337041701844556174e-01
6.520000000000000000e+02,3.400000000000000000e+01,4.990000000000000000e+02,4.334225791720929810e-01
6.530000000000000000e+02,3.400000000000000000e+01,5.010000000000000000e+02,4.331406852715930511e-01
6.540000000000000000e+02,3.300000000000000000e+01,5.030000000000000000e+02,4.328456522040441401e-01
6.550000000000000000e+02,3.300000000000000000e+01,5.060000000000000000e+02,4.325448434795162722e-01
6.560000000000000000e+02,3.400000000000000000e+01,5.080000000000000000e+02,4.322504394682883389e-01
6.570000000000000000e+02,3.300000000000000000e+01,5.140000000000000000e+02,4.319559386661886990e-01
6.580000000000000000e+02,3.300000000000000000e+01,5.150000000000000000e+02,4.316541020210348245e-01
6.590000000000000000e+02,3.300000000000000000e+01,5.150000000000000000e+02,4.313424335344407390e-01
6.600000000000000000e+02,3.300000000000000000e+01,5.160000000000000000e+02,4.310283051513730257e-01
6.610000000000000000e+02,3.300000000000000000e+01,5.180000000000000000e+02,4.307137769338956756e-01
6.620000000000000000e+02,3.200000000000000000e+01,5.210000000000000000e+02,4.304033798569297242e-01
6.630000000000000000e+02,3.400000000000000000e+01,5.220000000000000000e+02,4.300473559531919898e-01
6.640000000000000000e+02,3.400000000000000000e+01,5.250000000000000000e+02,4.297018439479434182e-01
6.650000000000000000e+02,3.400000000000000000e+01,5.270000000000000000e+02,4.293313383409194106e-01
6.660000000000000000e+02,3.400000000000000000e+01,5.290000000000000000e+02,4.289891216656606665e-01
6.670000000000000000e+02,3.400000000000000000e+01,5.310000000000000000e+02,4.286422487581728613e-01
6.680000000000000000e+02,3.500000000000000000e+01,5.310000000000000000e+02,4.282875292032558567e-01
6.690000000000000000e+02,3.500000000000000000e+01,5.310000000000000000e+02,4.279657960657115567e-01
6.700000000000000000e+02,3.600000000000000000e+01,5.340000000000000000e+02,4.276386233676043314e-01
6.710000000000000000e+02,3.600000000000000000e+01,5.350000000000000000e+02,4.273047373993573150e-01
6.720000000000000000e+02,3.600000000000000000e+01,5.390000000000000000e+02,4.269939563267573512e-01
6.730000000000000000e+02,3.600000000000000000e+01,5.420000000000000000e+02,4.266743825500954324e-01
6.740000000000000000e+02,3.600000000000000000e+01,5.460000000000000000e+02,4.263508907385640256e-01
6.750000000000000000e+02,3.600000000000000000e+01,5.450000000000000000e+02,4.260438647749839047e-01
6.760000000000000000e+02,3.600000000000000000e+01,5.480000000000000000e+02,4.257525452423134293e-01
6.770000000000000000e+02,3.600000000000000000e+01,5.510000000000000000e+02,4.254270642566911342e-01
6.780000000000000000e+02,3.600000000000000000e+01,5.550000000000000000e+02,4.251494235356052531e-01
6.790000000000000000e+02,3.700000000000000000e+01,5.560000000000000000e+02,4.248370075387182254e-01
6.800000000000000000e+02,3.700000000000000000e+01,5.590000000000000000e+02,4.245157155659520232e-01
6.810000000000000000e+02,3.700000000000000000e+01,5.640000000000000000e+02,4.242003301009677485e-01
6.820000000000000000e+02,3.700000000000000000e+01,5.670000000000000000e+02,4.238481516233315038e-01
6.830000000000000000e+02,3.600000000000000000e+01,5.700000000000000000e+02,4.234836901316211821e-01
6.840000000000000000e+02,3.600000000000000000e+01,5.720000000000000000e+02,4.231609575786928201e-01
6.850000000000000000e+02,3.600000000000000000e+01,5.750000000000000000e+02,4.228049879734037675e-01
6.860000000000000000e+02,3.600000000000000000e+01,5.760000000000000000e+02,4.224518455784226911e-01
6.870000000000000000e+02,3.600000000000000000e+01,5.800000000000000000e+02,4.221301793868857954e-01
6.880000000000000000e+02,3.600000000000000000e+01,5.790000000000000000e+02,4.217898508709866934e-01
6.890000000000000000e+02,3.600000000000000000e+01,5.820000000000000000e+02,4.214748642900602027e-01
6.900000000000000000e+02,3.600000000000000000e+01,5.840000000000000000e+02,4.211508203696524566e-01
6.910000000000000000e+02,3.600000000000000000e+01,5.860000000000000000e+02,4.208095022382379313e-01
6.920000000000000000e+02,3.600000000000000000e+01,5.880000000000000000e+02,4.204897677479088602e-01
6.930000000000000000e+02,3.600000000000000000e+01,5.890000000000000000e+02,4.201190773659242983e-01
6.940000000000000000e+02,3.600000000000000000e+01,5.920000000000000000e+02,4.197944740901408678e-01
6.950000000000000000e+02,3.600000000000000000e+01,5.940000000000000000e+02,4.194723982548473340e-01
6.960000000000000000e+02,3.600000000000000000e+01,5.980000000000000000e+02,4.191513669845424728e-01
6.970000000000000000e+02,3.600000000000000000e+01,6.030000000000000000e+02,4.188186734364964803e-01
6.980000000000000000e+02,3.600000000000000000e+01,6.040000000000000000e+02,4.184881605622409184e-01
6.990000000000000000e+02,3.600000000000000000e+01,6.050000000000000000e+02,4.181716254131176425e-01
7.000000000000000000e+02,3.700000000000000000e+01,6.080000000000000000e+02,4.178826131706338542e-01
7.010000000000000000e+02,3.700000000000000000e+01,6.100000000000000000e+02,4.175944178970912857e-01
7.020000000000000000e+02,3.700000000000000000e+01,6.130000000000000000e+02,4.173101132960525539e-01
7.030000000000000000e+02,3.700000000000000000e+01,6.150000000000000000e+02,4.170382868485001393e-01
7.040000000000000000e+02,3.700000000000000000e+01,6.180000000000000000e+02,4.167010239129080307e-01
7.050000000000000000e+02,3.700000000000000000e+01,6.210000000000000000e+02,4.163815592167985358e-01
7.060000000000000000e+02,3.700000000000000000e+01,6.230000000000000000e+02,4.160215032085392561e-01
7.070000000000000000e+02,3.700000000000000000e+01,6.250000000000000000e+02,4.156838858729357544e-01
7.080000000000000000e+02,3.700000000000000000e+01,6.260000000000000000e+02,4.153492293869256446e-01
7.090000000000000000e+02,3.700000000000000000e+01,6.290000000000000000e+02,4.150402399385255126e-01
7.100000000000000000e+02,3.700000000000000000e+01,6.320000000000000000e+02,4.147344522377380271e-01
7.110000000000000000e+02,3.700000000000000000e+01,6.330000000000000000e+02,4.143852005168721653e-01
7.120000000000000000e+02,3.700000000000000000e+01,6.360000000000000000e+02,4.140402741206818948e-01
7.130000000000000000e+02,3.700000000000000000e+01,6.370000000000000000e+02,4.137131534576538594e-01
7.140000000000000000e+02,3.700000000000000000e+01,6.400000000000000000e+02,4.133577141496375673e-01
7.150000000000000000e+02,3.700000000000000000e+01,6.460000000000000000e+02,4.130125914686234578e-01
7.160000000000000000e+02,3.700000000000000000e+01,6.500000000000000000e+02,4.126650446210165524e-01
7.170000000000000000e+02,3.700000000000000000e+01,6.540000000000000000e+02,4.123018761523793985e-01
7.180000000000000000e+02,3.700000000000000000e+01,6.550000000000000000e+02,4.119280655158165105e-01
7.190000000000000000e+02,3.700000000000000000e+01,6.590000000000000000e+02,4.115703360425512214e-01
7.200000000000000000e+02,3.800000000000000000e+01,6.610000000000000000e+02,4.112384911751465477e-01
7.210000000000000000e+02,4.000000000000000000e+01,6.630000000000000000e+02,4.109074817330745644e-01
7.220000000000000000e+02,4.000000000000000000e+01,6.660000000000000000e+02,4.105669911311733422e-01
7.230000000000000000e+02,4.100000000000000000e+01,6.690000000000000000e+02,4.102089441347854804e-01
7.240000000000000000e+02,4.100000000000000000e+01,6.720000000000000000e+02,4.098631839733726245e-01
7.250000000000000000e+02,4.100000000000000000e+01,6.770000000000000000e+02,4.095254217788563134e-01
7.260000000000000000e+02,4.100000000000000000e+01,6.800000000000000000e+02,4.091483547915874541e-01
7.270000000000000000e+02,4.100000000000000000e+01,6.840000000000000000e+02,4.087985191342660696e-01
7.280000000000000000e+02,4.100000000000000000e+01,6.860000000000000000e+02,4.084083330635071007e-01
7.290000000000000000e+02,4.100000000000000000e+01,6.860000000000000000e+02,4.080319537982738387e-01
7.300000000000000000e+02,4.100000000000000000e+01,6.880000000000000000e+02,4.076822447542975958e-01
7.310000000000000000e+02,4.100000000000000000e+01,6.900000000000000000e+02,4.073218261566238230e-01
7.320000000000000000e+02,4.100000000000000000e+01,6.930000000000000000e+02,4.069756252697598331e-01
7.330000000000000000e+02,4.000000000000000000e+01,6.950000000000000000e+02,4.065692401138827905e-01
7.340000000000000000e+02,4.000000000000000000e+01,7.000000000000000000e+02,4.062025508083362269e-01
7.350000000000000000e+02,4.000000000000000000e+01,7.010000000000000000e+02,4.058261860293071455e-01
7.360000000000000000e+02,4.000000000000000000e+01,7.020000000000000000e+02,4.054713095720585136e-01
7.370000000000000000e+02,4.000000000000000000e+01,7.040000000000000000e+02,4.050952705751117433e-01
7.380000000000000000e+02,4.000000000000000000e+01,7.050000000000000000e+02,4.047352929013958156e-01
7.390000000000000000e+02,4.000000000000000000e+01,7.080000000000000000e+02,4.043633777069422508e-01
7.400000000000000000e+02,4.100000000000000000e+01,7.120000000000000000e+02,4.039700211703813881e-01
7.410000000000000000e+02,4.100000000000000000e+01,7.140000000000000000e+02,4.035433012811288633e-01
7.420000000000000000e+02,4.200000000000000000e+01,7.160000000000000000e+02,4.031316932591889612e-01
7.430000000000000000e+02,4.200000000000000000e+01,7.170000000000000000e+02,4.027312975690784391e-01
7.440000000000000000e+02,4.300000000000000000e+01,7.210000000000000000e+02,4.023339494270277705e-01
7.450000000000000000e+02,4.300000000000000000e+01,7.230000000000000000e+02,4.019564761467778191e-01
7.460000000000000000e+02,4.200000000000000000e+01,7.270000000000000000e+02,4.015918882828061753e-01
7.470000000000000000e+02,4.200000000000000000e+01,7.310000000000000000e+02,4.012124513592270070e-01
7.480000000000000000e+02,4.200000000000000000e+01,7.350000000000000000e+02,4.008072189410737951e-01
7.490000000000000000e+02,4.200000000000000000e+01,7.400000000000000000e+02,4.004291917573987170e-01
7.500000000000000000e+02,4.300000000000000000e+01,7.420000000000000000e+02,4.000358848025094560e-01
7.510000000000000000e+02,4.300000000000000000e+01,7.440000000000000000e+02,3.996139976421309581e-01
7.520000000000000000e+02,4.300000000000000000e+01,7.460000000000000000e+02,3.992399367813364019e-01
7.530000000000000000e+02,4.300000000000000000e+01,7.480000000000000000e+02,3.988954057744962256e-01
7.540000000000000000e+02,4.200000000000000000e+01,7.500000000000000000e+02,3.985604854829844501e-01
7.550000000000000000e+02,4.200000000000000000e+01,7.520000000000000000e+02,3.981781029579562481e-01
7.560000000000000000e+02,4.200000000000000000e+01,7.530000000000000000e+02,3.977937850466319869e-01
7.570000000000000000e+02,4.200000000000000000e+01,7.550000000000000000e+02,3.974268807557712613e-01
7.580000000000000000e+02,4.200000000000000000e+01,7.580000000000000000e+02,3.970789781404128749e-01
7.590000000000000000e+02,4.200000000000000000e+01,7.580000000000000000e+02,3.967349368721965752e-01
7.600000000000000000e+02,4.300000000000000000e+01,7.580000000000000000e+02,3.963838011492178959e-01
7.610000000000000000e+02,4.300000000000000000e+01,7.610000000000000000e+02,3.960200104849536662e-01
7.620000000000000000e+02,4.300000000000000000e+01,7.660000000000000000e+02,3.956930051743443588e-01
7.630000000000000000e+02,4.300000000000000000e+01,7.700000000000000000e+02,3.954177595876565698e-01
7.640000000000000000e+02,4.300000000000000000e+01,7.740000000000000000e+02,3.950901960113918920e-01
7.650000000000000000e+02,4.300000000000000000e+01,7.790000000000000000e+02,3.948251042016389656e-01
7.660000000000000000e+02,4.300000000000000000e+01,7.810000000000000000e+02,3.945345004368615571e-01
7.670000000000000000e+02,4.300000000000000000e+01,7.850000000000000000e+02,3.942578325206885781e-01
7.680000000000000000e+02,4.300000000000000000e+01,7.870000000000000000e+02,3.939646054739170955e-01
7.690000000000000000e+02,4.300000000000000000e+01,7.920000000000000000e+02,3.936575730419522579e-01
7.700000000000000000e+02,4.300000000000000000e+01,7.970000000000000000e+02,3.933478843137613312e-01
7.710000000000000000e+02,4.300000000000000000e+01,8.010000000000000000e+02,3.930113908079181373e-01
7.720000000000000000e+02,4.300000000000000000e+01,8.060000000000000000e+02,3.927073989541888244e-01
7.730000000000000000e+02,4.400000000000000000e+01,8.080000000000000000e+02,3.923639014970560224e-01
7.740000000000000000e+02,4.400000000000000000e+01,8.100000000000000000e+02,3.919947938778814978e-01
7.750000000000000000e+02,4.500000000000000000e+01,8.140000000000000000e+02,3.916604790108490497e-01
7.760000000000000000e+02,4.600000000000000000e+01,8.210000000000000000e+02,3.913323975153336076e-01
7.770000000000000000e+02,4.600000000000000000e+01,8.230000000000000000e+02,3.909772484457153530e-01
7.780000000000000000e+02,4.600000000000000000e+01,8.250000000000000000e+02,3.906155728646709679e-01
7.790000000000000000e+02,4.600000000000000000e+01,8.260000000000000000e+02,3.902606330198342133e-01
7.800000000000000000e+02,4.600000000000000000e+01,8.280000000000000000e+02,3.898542794876275752e-01
7.810000000000000000e+02,4.600000000000000000e+01,8.290000000000000000e+02,3.894535305169502526e-01
7.820000000000000000e+02,4.600000000000000000e+01,8.300000000000000000e+02,3.890949837780014464e-01
7.830000000000000000e+02,4.600000000000000000e+01,8.310000000000000000e+02,3.887276897335453230e-01
7.840000000000000000e+02,4.600000000000000000e+01,8.310000000000000000e+02,3.883568247556198894e-01
7.850000000000000000e+02,4.600000000000000000e+01,8.360000000000000000e+02,3.880474915122009705e-01
7.860000000000000000e+02,4.600000000000000000e+01,8.370000000000000000e+02,3.877093873336324159e-01
7.870000000000000000e+02,4.700000000000000000e+01,8.440000000000000000e+02,3.873732592921360629e-01
7.880000000000000000e+02,4.700000000000000000e+01,8.450000000000000000e+02,3.870242110720185091e-01
7.890000000000000000e+02,4.700000000000000000e+01,8.540000000000000000e+02,3.866536093655503215e-01
7.900000000000000000e+02,4.700000000000000000e+01,8.540000000000000000e+02,3.863168355851279157e-01
7.910000000000000000e+02,4.800000000000000000e+01,8.570000000000000000e+02,3.859292439009621156e-01
7.920000000000000000e+02,4.700000000000000000e+01,8.620000000000000000e+02,3.855169885378617045e-01
7.930000000000000000e+02,4.700000000000000000e+01,8.690000000000000000e+02,3.851326115486412016e-01
7.940000000000000000e+02,4.700000000000000000e+01,8.710000000000000000e+02,3.846968619117790977e-01
7.950000000000000000e+02,4.800000000000000000e+01,8.730000000000000000e+02,3.842640298730658488e-01
7.960000000000000000e+02,4.800000000000000000e+01,8.770000000000000000e+02,3.838420900385514645e-01
7.970000000000000000e+02,4.700000000000000000e+01,8.840000000000000000e+02,3.834119918875378841e-01
7.980000000000000000e+02,4.700000000000000000e+01,8.850000000000000000e+02,3.829344063340063831e-01
7.990000000000000000e+02,4.700000000000000000e+01,8.900000000000000000e+02,3.825001710816280376e-01
8.000000000000000000e+02,4.700000000000000000e+01,8.900000000000000000e+02,3.820810184604127024e-01
8.010000000000000000e+02,4.700000000000000000e+01,8.930000000000000000e+02,3.816510945468923333e-01
8.020000000000000000e+02,4.700000000000000000e+01,8.980000000000000000e+02,3.812336916835182832e-01
8.030000000000000000e+02,4.700000000000000000e+01,8.980000000000000000e+02,3.808386825414546428e-01
8.040000000000000000e+02,4.700000000000000000e+01,8.990000000000000000e+02,3.804546166868068569e-01
8.050000000000000000e+02,4.700000000000000000e+01,9.030000000000000000e+02,3.801023073769249638e-01
8.060000000000000000e+02,4.700000000000000000e+01,9.040000000000000000e+02,3.797434780085111594e-01
8.070000000000000000e+02,4.700000000000000000e+01,9.050000000000000000e+02,3.793312572124624138e-01
8.080000000000000000e+02,4.700000000000000000e+01,9.060000000000000000e+02,3.789578180694377352e-01
8.090000000000000000e+02,4.700000000000000000e+01,9.090000000000000000e+02,3.785674945396315660e-01
8.100000000000000000e+02,4.800000000000000000e+01,9.110000000000000000e+02,3.781919543169118825e-01
8.110000000000000000e+02,4.900000000000000000e+01,9.150000000000000000e+02,3.778347572043648794e-01
8.120000000000000000e+02,4.900000000000000000e+01,9.190000000000000000e+02,3.774601530911775304e-01
8.130000000000000000e+02,5.000000000000000000e+01,9.220000000000000000e+02,3.770519178149142614e-01
8.140000000000000000e+02,5.000000000000000000e+01,9.260000000000000000e+02,3.765887557347886716e-01
8.150000000000000000e+02,5.100000000000000000e+01,9.310000000000000000e+02,3.761388959712818059e-01
8.160000000000000000e+02,5.100000000000000000e+01,9.350000000000000000e+02,3.756773611769798071e-01
8.170000000000000000e+02,5.000000000000000000e+01,9.400000000000000000e+02,3.752262554820808838e-01
8.180000000000000000e+02,5.000000000000000000e+01,9.440000000000000000e+02,3.747447863797019885e-01
8.190000000000000000e+02,5.000000000000000000e+01,9.470000000000000000e+02,3.742861290829277432e-01
8.200000000000000000e+02,5.000000000000000000e+01,9.510000000000000000e+02,3.738205941580885483e-01
8.210000000000000000e+02,4.900000000000000000e+01,9.540000000000000000e+02,3.733706370702639665e-01
8.220000000000000000e+02,4.900000000000000000e+01,9.570000000000000000e+02,3.729502807012565757e-01
8.230000000000000000e+02,4.900000000000000000e+01,9.580000000000000000e+02,3.725295104138290903e-01
8.240000000000000000e+02,4.900000000000000000e+01,9.610000000000000000e+02,3.720949542845842783e-01
8.250000000000000000e+02,4.900000000000000000e+01,9.670000000000000000e+02,3.716507724022545256e-01
8.260000000000000000e+02,4.900000000000000000e+01,9.720000000000000000e+02,3.711880307582239302e-01
8.270000000000000000e+02,5.000000000000000000e+01,9.780000000000000000e+02,3.708042988388272065e-01
8.280000000000000000e+02,5.000000000000000000e+01,9.800000000000000000e+02,3.703755009993183744e-01
8.290000000000000000e+02,5.000000000000000000e+01,9.810000000000000000e+02,3.699449665713265833e-01
8.300000000000000000e+02,5.100000000000000000e+01,9.850000000000000000e+02,3.694993525971740356e-01
8.310000000000000000e+02,5.100000000000000000e+01,9.870000000000000000e+02,3.690155192074521806e-01
8.320000000000000000e+02,5.100000000000000000e+01,9.900000000000000000e+02,3.685843216110009091e-01
8.330000000000000000e+02,5.100000000000000000e+01,9.920000000000000000e+02,3.681190530154969665e-01
8.340000000000000000e+02,5.200000000000000000e+01,9.940000000000000000e+02,3.677124715483955919e-01
8.350000000000000000e+02,5.200000000000000000e+01,9.970000000000000000e+02,3.672991302434417960e-01
8.360000000000000000e+02,5.200000000000000000e+01,9.980000000000000000e+02,3.668995486018799546e-01
8.370000000000000000e+02,5.100000000000000000e+01,1.003000000000000000e+03,3.665290174356696240e-01
8.380000000000000000e+02,5.200000000000000000e+01,1.007000000000000000e+03,3.661457167686705816e-01
8.390000000000000000e+02,5.200000000000000000e+01,1.008000000000000000e+03,3.657892753060690838e-01
8.400000000000000000e+02,5.200000000000000000e+01,1.017000000000000000e+03,3.654445967746769441e-01
8.410000000000000000e+02,5.200000000000000000e+01,1.020000000000000000e+03,3.651120167126005733e-01
8.420000000000000000e+02,5.200000000000000000e+01,1.022000000000000000e+03,3.648055586646138382e-01
8.430000000000000000e+02,5.200000000000000000e+01,1.024000000000000000e+03,3.645072738000830759e-01
8.440000000000000000e+02,5.200000000000000000e+01,1.027000000000000000e+03,3.641814671504133294e-01
8.450000000000000000e+02,5.200000000000000000e+01,1.030000000000000000e+03,3.638580348470126791e-01
8.460000000000000000e+02,5.200000000000000000e+01,1.034000000000000000e+03,3.635519073641148569e-01
8.470000000000000000e+02,5.200000000000000000e+01,1.040000000000000000e+03,3.632577443756263569e-01
8.480000000000000000e+02,5.200000000000000000e+01,1.044000000000000000e+03,3.629343457982582288e-01
8.490000000000000000e+02,5.200000000000000000e+01,1.046000000000000000e+03,3.626040762279387764e-01
8.500000000000000000e+02,5.200000000000000000e+01,1.050000000000000000e+03,3.623034051288543944e-01
8.510000000000000000e+02,5.200000000000000000e+01,1.053000000000000000e+03,3.619494072156953512e-01
8.520000000000000000e+02,5.200000000000000000e+01,1.056000000000000000e+03,3.615923063227430845e-01
8.530000000000000000e+02,5.200000000000000000e+01,1.058000000000000000e+03,3.611546282031480870e-01
8.540000000000000000e+02,5.200000000000000000e+01,1.065000000000000000e+03,3.608036033931877329e-01
8.550000000000000000e+02,5.300000000000000000e+01,1.067000000000000000e+03,3.604133855582067891e-01
8.560000000000000000e+02,5.300000000000000000e+01,1.070000000000000000e+03,3.600311793626062573e-01
8.570000000000000000e+02,5.300000000000000000e+01,1.072000000000000000e+03,3.596237503011206482e-01
8.580000000000000000e+02,5.300000000000000000e+01,1.073000000000000000e+03,3.592226362200476864e-01
8.590000000000000000e+02,5.500000000000000000e+01,1.076000000000000000e+03,3.588482258267755576e-01
8.600000000000000000e+02,5.500000000000000000e+01,1.077000000000000000e+03,3.584701465920367425e-01
8.610000000000000000e+02,5.500000000000000000e+01,1.085000000000000000e+03,3.580760698535430664e-01
8.620000000000000000e+02,5.500000000000000000e+01,1.090000000000000000e+03,3.576944935201453735e-01
8.630000000000000000e+02,5.500000000000000000e+01,1.098000000000000000e+03,3.573001905732112737e-01
8.640000000000000000e+02,5.500000000000000000e+01,1.103000000000000000e+03,3.569143341221150401e-01
8.650000000000000000e+02,5.500000000000000000e+01,1.103000000000000000e+03,3.565242422135790901e-01
8.660000000000000000e+02,5.500000000000000000e+01,1.104000000000000000e+03,3.562046519434800551e-01
8.670000000000000000e+02,5.500000000000000000e+01,1.106000000000000000e+03,3.558524824200396397e-01
8.680000000000000000e+02,5.500000000000000000e+01,1.110000000000000000e+03,3.554637377608015902e-01
8.690000000000000000e+02,5.400000000000000000e+01,1.115000000000000000e+03,3.551251173938602679e-01
8.700000000000000000e+02,5.400000000000000000e+01,1.120000000000000000e+03,3.547952216593871499e-01
8.710000000000000000e+02,5.400000000000000000e+01,1.124000000000000000e+03,3.544104338562887313e-01
8.720000000000000000e+02,5.400000000000000000e+01,1.129000000000000000e+03,3.540458244312310598e-01
8.730000000000000000e+02,5.400000000000000000e+01,1.131000000000000000e+03,3.536801856503085095e-01
8.740000000000000000e+02,5.400000000000000000e+01,1.132000000000000000e+03,3.533379886923729285e-01
8.750000000000000000e+02,5.400000000000000000e+01,1.134000000000000000e+03,3.530027101681251778e-01
8.760000000000000000e+02,5.400000000000000000e+01,1.136000000000000000e+03,3.526338236066955401e-01
8.770000000000000000e+02,5.500000000000000000e+01,1.142000000000000000e+03,3.523161593826804605e-01
8.780000000000000000e+02,5.500000000000000000e+01,1.144000000000000000e+03,3.519867210136757851e-01
8.790000000000000000e+02,5.700000000000000000e+01,1.151000000000000000e+03,3.516416067955904778e-01
8.800000000000000000e+02,5.700000000000000000e+01,1.152000000000000000e+03,3.512409763103881977e-01
8.810000000000000000e+02,5.700000000000000000e+01,1.159000000000000000e+03,3.508661752388209654e-01
8.820000000000000000e+02,5.700000000000000000e+01,1.160000000000000000e+03,3.504599979529896547e-01
8.830000000000000000e+02,5.700000000000000000e+01,1.166000000000000000e+03,3.500828405566093204e-01
8.840000000000000000e+02,5.700000000000000000e+01,1.166000000000000000e+03,3.497141944756997911e-01
8.850000000000000000e+02,5.700000000000000000e+01,1.168000000000000000e+03,3.494220457439650707e-01
8.860000000000000000e+02,5.700000000000000000e+01,1.174000000000000000e+03,3.491146008870681383e-01
8.870000000000000000e+02,5.700000000000000000e+01,1.179000000000000000e+03,3.488125544517627907e-01
8.880000000000000000e+02,5.700000000000000000e+01,1.184000000000000000e+03,3.485673156473709233e-01
8.890000000000000000e+02,5.800000000000000000e+01,1.191000000000000000e+03,3.482754662058267225e-01
8.900000000000000000e+02,5.900000000000000000e+01,1.193000000000000000e+03,3.480011878713231699e-01
8.910000000000000000e+02,5.900000000000000000e+01,1.196000000000000000e+03,3.477064848674691899e-01
8.920000000000000000e+02,5.900000000000000000e+01,1.200000000000000000e+03,3.473803386982602937e-01
8.930000000000000000e+02,5.900000000000000000e+01,1.205000000000000000e+03,3.470786154095148457e-01
8.940000000000000000e+02,5.900000000000000000e+01,1.210000000000000000e+03,3.467084790248457504e-01
8.950000000000000000e+02,5.900000000000000000e+01,1.215000000000000000e+03,3.464014052331256810e-01
8.960000000000000000e+02,5.900000000000000000e+01,1.217000000000000000e+03,3.460512080877409247e-01
8.970000000000000000e+02,5.900000000000000000e+01,1.217000000000000000e+03,3.457485929001964942e-01
8.980000000000000000e+02,5.900000000000000000e+01,1.218000000000000000e+03,3.455095122110865002e-01
8.990000000000000000e+02,5.900000000000000000e+01,1.221000000000000000e+03,3.452195261990779751e-01
9.000000000000000000e+02,5.900000000000000000e+01,1.222000000000000000e+03,3.449041973535785788e-01
9.010000000000000000e+02,5.900000000000000000e+01,1.223000000000000000e+03,3.446299017985617885e-01
9.020000000000000000e+02,5.900000000000000000e+01,1.230000000000000000e+03,3.443967216369264728e-01
9.030000000000000000e+02,5.800000000000000000e+01,1.239000000000000000e+03,3.441615953582630727e-01
9.040000000000000000e+02,5.800000000000000000e+01,1.246000000000000000e+03,3.438984904659456165e-01
9.050000000000000000e+02,5.900000000000000000e+01,1.247000000000000000e+03,3.435950671416934110e-01
9.060000000000000000e+02,6.000000000000000000e+01,1.253000000000000000e+03,3.433246867910092481e-01
9.070000000000000000e+02,6.000000000000000000e+01,1.258000000000000000e+03,3.430271952192950335e-01
9.080000000000000000e+02,6.000000000000000000e+01,1.260000000000000000e+03,3.426744396414557747e-01
9.090000000000000000e+02,6.100000000000000000e+01,1.263000000000000000e+03,3.423755453119282088e-01
9.100000000000000000e+02,6.300000000000000000e+01,1.265000000000000000e+03,3.420206557856699248e-01
9.110000000000000000e+02,6.300000000000000000e+01,1.269000000000000000e+03,3.417016497708288969e-01
9.120000000000000000e+02,6.300000000000000000e+01,1.274000000000000000e+03,3.413919798747537815e-01
9.130000000000000000e+02,6.300000000000000000e+01,1.280000000000000000e+03,3.410686515386229800e-01
9.140000000000000000e+02,6.300000000000000000e+01,1.287000000000000000e+03,3.407516238540519993e-01
9.150000000000000000e+02,6.300000000000000000e+01,1.289000000000000000e+03,3.403937550812779489e-01
9.160000000000000000e+02,6.300000000000000000e+01,1.294000000000000000e+03,3.401031496601701343e-01
9.170000000000000000e+02,6.300000000000000000e+01,1.300000000000000000e+03,3.398494706167241031e-01
9.180000000000000000e+02,6.300000000000000000e+01,1.301000000000000000e+03,3.395665639740857444e-01
9.190000000000000000e+02,6.300000000000000000e+01,1.306000000000000000e+03,3.392754700637944376e-01
9.200000000000000000e+02,6.100000000000000000e+01,1.312000000000000000e+03,3.389707922633594661e-01
9.210000000000000000e+02,6.100000000000000000e+01,1.313000000000000000e+03,3.386763400970828064e-01
9.220000000000000000e+02,6.200000000000000000e+01,1.316000000000000000e+03,3.383297573366596533e-01
9.230000000000000000e+02,6.200000000000000000e+01,1.316000000000000000e+03,3.380196657585221587e-01
9.240000000000000000e+02,6.200000000000000000e+01,1.323000000000000000e+03,3.377546457327867957e-01
9.250000000000000000e+02,6.300000000000000000e+01,1.328000000000000000e+03,3.374744711704030786e-01
9.260000000000000000e+02,6.300000000000000000e+01,1.332000000000000000e+03,3.371318351853118123e-01
9.270000000000000000e+02,6.300000000000000000e+01,1.341000000000000000e+03,3.368258694735415393e-01
9.280000000000000000e+02,6.300000000000000000e+01,1.343000000000000000e+03,3.365583738702651040e-01
9.290000000000000000e+02,6.300000000000000000e+01,1.346000000000000000e+03,3.362070303377033276e-01
9.300000000000000000e+02,6.300000000000000000e+01,1.346000000000000000e+03,3.358491163492692277e-01
9.310000000000000000e+02,6.200000000000000000e+01,1.356000000000000000e+03,3.355755469998462637e-01
9.320000000000000000e+02,6.200000000000000000e+01,1.360000000000000000e+03,3.353182139422360986e-01
9.330000000000000000e+02,6.300000000000000000e+01,1.363000000000000000e+03,3.350509011373494772e-01
9.340000000000000000e+02,6.300000000000000000e+01,1.370000000000000000e+03,3.348033792004939668e-01
9.350000000000000000e+02,6.400000000000000000e+01,1.376000000000000000e+03,3.344766603090862378e-01
9.360000000000000000e+02,6.400000000000000000e+01,1.377000000000000000e+03,3.341104549311920691e-01
9.370000000000000000e+02,6.400000000000000000e+01,1.379000000000000000e+03,3.338054677637556922e-01
9.380000000000000000e+02,6.600000000000000000e+01,1.384000000000000000e+03,3.335083003972587612e-01
9.390000000000000000e+02,6.700000000000000000e+01,1.393000000000000000e+03,3.331328664872251211e-01
9.400000000000000000e+02,6.800000000000000000e+01,1.396000000000000000e+03,3.327882270741411297e-01
9.410000000000000000e+02,6.800000000000000000e+01,1.398000000000000000e+03,3.324254470941404582e-01
9.420000000000000000e+02,6.700000000000000000e+01,1.403000000000000000e+03,3.320351609150414829e-01
9.430000000000000000e+02,6.700000000000000000e+01,1.405000000000000000e+03,3.317119507932985156e-01
9.440000000000000000e+02,6.700000000000000000e+01,1.407000000000000000e+03,3.314205631239346972e-01
9.450000000000000000e+02,6.800000000000000000e+01,1.408000000000000000e+03,3.310800716407115707e-01
9.460000000000000000e+02,6.900000000000000000e+01,1.412000000000000000e+03,3.307460823702593755e-01
9.470000000000000000e+02,7.000000000000000000e+01,1.413000000000000000e+03,3.304217462555910090e-01
9.480000000000000000e+02,7.000000000000000000e+01,1.413000000000000000e+03,3.301342237786872302e-01
9.490000000000000000e+02,7.000000000000000000e+01,1.418000000000000000e+03,3.298184138210634164e-01
9.500000000000000000e+02,7.000000000000000000e+01,1.420000000000000000e+03,3.294695927590241546e-01
9.510000000000000000e+02,7.000000000000000000e+01,1.424000000000000000e+03,3.291387828656237025e-01
9.520000000000000000e+02,7.200000000000000000e+01,1.433000000000000000e+03,3.288682508529683912e-01
9.530000000000000000e+02,7.100000000000000000e+01,1.440000000000000000e+03,3.285904101451994075e-01
9.540000000000000000e+02,7.100000000000000000e+01,1.446000000000000000e+03,3.283729008593090359e-01
9.550000000000000000e+02,7.000000000000000000e+01,1.454000000000000000e+03,3.280930305122196078e-01
9.560000000000000000e+02,7.000000000000000000e+01,1.455000000000000000e+03,3.278251199243102376e-01
9.570000000000000000e+02,7.100000000000000000e+01,1.461000000000000000e+03,3.276255034721787807e-01
9.580000000000000000e+02,7.100000000000000000e+01,1.469000000000000000e+03,3.273715983176062605e-01
9.590000000000000000e+02,7.100000000000000000e+01,1.475000000000000000e+03,3.271381170798741134e-01
9.600000000000000000e+02,7.100000000000000000e+01,1.479000000000000000e+03,3.269634558170345096e-01
9.610000000000000000e+02,7.100000000000000000e+01,1.483000000000000000e+03,3.267214970929008255e-01
9.620000000000000000e+02,7.200000000000000000e+01,1.487000000000000000e+03,3.264792714911426419e-01
9.630000000000000000e+02,7.100000000000000000e+01,1.492000000000000000e+03,3.262266036841518502e-01
9.640000000000000000e+02,7.000000000000000000e+01,1.500000000000000000e+03,3.259398084703352128e-01
9.650000000000000000e+02,7.000000000000000000e+01,1.503000000000000000e+03,3.256960111336379415e-01
9.660000000000000000e+02,7.000000000000000000e+01,1.504000000000000000e+03,3.255030069505183699e-01
9.670000000000000000e+02,7.100000000000000000e+01,1.507000000000000000e+03,3.253945605260918916e-01
9.680000000000000000e+02,7.000000000000000000e+01,1.510000000000000000e+03,3.251958927191865856e-01
9.690000000000000000e+02,7.000000000000000000e+01,1.514000000000000000e+03,3.250064168017329225e-01
9.700000000000000000e+02,7.000000000000000000e+01,1.517000000000000000e+03,3.248511867914554707e-01
9.710000000000000000e+02,6.900000000000000000e+01,1.524000000000000000e+03,3.246684587576803560e-01
9.720000000000000000e+02,6.900000000000000000e+01,1.525000000000000000e+03,3.244378949691905656e-01
9.730000000000000000e+02,6.900000000000000000e+01,1.526000000000000000e+03,3.241871137222635535e-01
9.740000000000000000e+02,7.000000000000000000e+01,1.529000000000000000e+03,3.239800455524238787e-01
9.750000000000000000e+02,7.000000000000000000e+01,1.535000000000000000e+03,3.237447976675616457e-01
9.760000000000000000e+02,7.000000000000000000e+01,1.540000000000000000e+03,3.234737659165555224e-01
9.770000000000000000e+02,6.900000000000000000e+01,1.554000000000000000e+03,3.231628541851408465e-01
9.780000000000000000e+02,6.800000000000000000e+01,1.559000000000000000e+03,3.228106804962380671e-01
9.790000000000000000e+02,6.900000000000000000e+01,1.565000000000000000e+03,3.225247255070413099e-01
9.800000000000000000e+02,6.900000000000000000e+01,1.570000000000000000e+03,3.222234261737428884e-01
9.810000000000000000e+02,6.900000000000000000e+01,1.577000000000000000e+03,3.218856871976220058e-01
9.820000000000000000e+02,6.800000000000000000e+01,1.586000000000000000e+03,3.215033128887907488e-01
9.830000000000000000e+02,6.700000000000000000e+01,1.591000000000000000e+03,3.211571638974809462e-01
9.840000000000000000e+02,6.700000000000000000e+01,1.596000000000000000e+03,3.208013943385591982e-01
9.850000000000000000e+02,6.700000000000000000e+01,1.598000000000000000e+03,3.204406109497455191e-01
9.860000000000000000e+02,6.700000000000000000e+01,1.600000000000000000e+03,3.201056958759257443e-01
9.870000000000000000e+02,6.700000000000000000e+01,1.610000000000000000e+03,3.198376585021885932e-01
9.880000000000000000e+02,6.700000000000000000e+01,1.616000000000000000e+03,3.195336397296312803e-01
9.890000000000000000e+02,6.700000000000000000e+01,1.623000000000000000e+03,3.192884767895557419e-01
9.900000000000000000e+02,6.700000000000000000e+01,1.624000000000000000e+03,3.189925410428975372e-01
9.910000000000000000e+02,6.800000000000000000e+01,1.624000000000000000e+03,3.186252682826987148e-01
9.920000000000000000e+02,6.800000000000000000e+01,1.628000000000000000e+03,3.183285507719075813e-01
9.930000000000000000e+02,6.800000000000000000e+01,1.632000000000000000e+03,3.180032228980609887e-01
9.940000000000000000e+02,6.900000000000000000e+01,1.634000000000000000e+03,3.176905941837448455e-01
9.950000000000000000e+02,7.000000000000000000e+01,1.636000000000000000e+03,3.173556412287736883e-01
9.960000000000000000e+02,7.100000000000000000e+01,1.638000000000000000e+03,3.170199185263451458e-01
9.970000000000000000e+02,7.100000000000000000e+01,1.639000000000000000e+03,3.167422494619163142e-01
9.980000000000000000e+02,7.100000000000000000e+01,1.643000000000000000e+03,3.164054109653310909e-01
9.990000000000000000e+02,7.200000000000000000e+01,1.646000000000000000e+03,3.160341667919542852e-01
1.000000000000000000e+03,7.200000000000000000e+01,1.649000000000000000e+03,3.156734930639504833e-01
